score	num_documents	min_gap	sign_a	glyph_a	freq_a	sign_b	glyph_b	freq_b	examples
0.3419	6	1	M005	𛵇	14	M321	𜇼	22	P008001(gap2), P008001(gap1), P008015(gap1), P008154(gap1)
0.3333	2	2	M175+M136	𛽽	6	M294	𜅗	6	P008234(gap2), P008279(gap2)
0.2357	2	1	M370+M046+M370	𜊜	8	M370+M388+M370	𜊟	9	P008043(gap1), P008105(gap1)
0.2357	2	1	M370+M046+M370	𜊜	8	M370+M072+M370	𜊝	9	P008125(gap2), P368479(gap1)
0.2340	20	1	M157	𛽔	332	M195+M057	𛾥	22	P008034(gap1), P008058(gap1), P008122(gap1), P008139(gap1)
0.2294	2	2	M175+M131	𛽻	4	M296	𜅴	19	P008014(gap2), P008105(gap2)
0.2265	2	1	M052	𛷦	6	M248	𜁨	13	P008894(gap1), P009049(gap2), P009049(gap1)
0.2222	2	1	M370+M072+M370	𜊝	9	M370+M388+M370	𜊟	9	P009183(gap1), P368479(gap3)
0.2200	3	1	M254	𜂔	31	M296+M296	𜅵	6	P008271(gap1), P008271(gap3), P008477(gap1), P008977(gap2)
0.2124	6	1	M010	𛵜	57	M050	𛷙	14	P008234(gap1), P008279(gap1), P008350(gap2), P008354(gap3)
0.2041	2	2	M329	𜈩	12	M370+M046+M370	𜊜	8	P008105(gap2), P008490(gap2)
0.2015	5	1	M005	𛵇	14	M149	𛼰	44	P008001(gap3), P008015(gap1), P008154(gap2), P008154(gap2)
0.1949	3	2	M058	𛸃	3	M066	𛸗	79	P008067(gap2), P008444(gap2), P009156(gap3)
0.1925	4	1	M370+M388+M370	𜊟	9	M373	𜊲	48	P008043(gap3), P008105(gap2), P009183(gap1), P368479(gap2)
0.1909	7	1	M046	𛷇	28	M373	𜊲	48	P008043(gap1), P008043(gap2), P008043(gap1), P008193(gap1)
0.1890	3	1	M050	𛷙	14	M379	𜋊	18	P008178(gap1), P008533(gap1), P368517(gap2)
0.1865	2	1	M244	𜁑	5	M246	𜁒	23	P008440(gap1), P009384(gap2)
0.1833	2	1	M281	𜄖	7	M374	𜊴	17	P008059(gap1), P272825(gap3)
0.1818	4	1	M096	𛹜	44	M390	𜌕	11	P008470(gap1), P008740(gap1), P009552(gap1), P009552(gap2)
0.1808	10	1	M009	𛵓	139	M195+M057	𛾥	22	P008718(gap2), P008719(gap2), P008720(gap2), P008724(gap2)
0.1768	2	1	M073	𛸩	8	M318	𜇩	16	P008060(gap1), P009287(gap1)
0.1741	2	2	M175+M175	𛾁	6	M195+M057	𛾥	22	P008058(gap2), P008140(gap2)
0.1741	2	1	M068	𛸝	3	M149	𛼰	44	P008154(gap1), P009185(gap3)
0.1729	3	2	M188	𛾗	7	M384	𜋨	43	P008954(gap3), P009087(gap2), P009114(gap3)
0.1715	2	2	M177	𛾏	4	M292	𜅊	34	P008236(gap2), P009207(gap2)
0.1690	6	1	M210	𛿙	45	M383	𜋜	28	P008277(gap3), P008303(gap2), P008471(gap2), P008996(gap2)
0.1667	2	2	M370+M046	𜊛𛷇	3	M373	𜊲	48	P008105(gap2), P008193(gap2)
0.1650	2	1	M260+N24	𜂮	7	M264	𜃋	21	P008305(gap1), P008305(gap2), P008305(gap3), P008305(gap1)
0.1604	5	1	M370	𜊛	108	M370+M388+M370	𜊟	9	P008043(gap1), P008105(gap3), P008432(gap1), P008432(gap1)
0.1604	3	2	M158	𛽭	14	M348	𜉈	25	P008035(gap3), P008383(gap2), P008765(gap2)
0.1549	4	1	M246	𜁒	23	M247	𜁞	29	P008832(gap1), P008834(gap1), P009010(gap1), P009384(gap1)
0.1539	5	1	M096	𛹜	44	M240	𜀰	24	P008061(gap2), P008117(gap3), P008242(gap1), P008470(gap2)
0.1534	4	1	M099	𛹧	17	M352	𜉕	40	P008112(gap1), P008444(gap1), P008903(gap3), P009089(gap1)
0.1531	3	1	M370+M046+M370	𜊜	8	M373	𜊲	48	P008105(gap3), P008490(gap1), P368479(gap2)
0.1529	2	1	M010	𛵜	57	M284	𜄠	3	P008354(gap2), P008984(gap1), P008984(gap2)
0.1474	2	1	M259	𜂣	23	M372	𜊯	8	P008455(gap1), P008907(gap1)
0.1463	2	1	M152	𛽁	11	M374	𜊴	17	P008281(gap1), P008281(gap1), P009468(gap1)
0.1456	11	1	M024	𛵮	35	M218	𛿺	163	P008006(gap1), P008051(gap1), P008144(gap2), P008271(gap2)
0.1455	8	1	M046	𛷇	28	M370	𜊛	108	P008043(gap2), P008043(gap2), P008043(gap1), P008043(gap1)
0.1454	20	1	M038	𛶡	57	M157	𛽔	332	P008013(gap2), P008055(gap1), P008056(gap2), P008085(gap1)
0.1443	2	1	M347	𜉇	24	M372	𜊯	8	P008967(gap1), P368602(gap3)
0.1443	3	1	M370+M072+M370	𜊝	9	M373	𜊲	48	P008043(gap1), P008193(gap1), P368479(gap1)
0.1435	7	1	M146	𛼢	28	M371	𜊩	85	P008084(gap2), P008161(gap2), P008271(gap2), P008271(gap2)
0.1429	6	1	M046	𛷇	28	M072	𛸧	63	P008043(gap1), P008193(gap1), P008310(gap3), P008310(gap1)
0.1425	5	1	M032	𛶃	56	M321	𜇼	22	P008099(gap3), P008154(gap2), P008317(gap2), P008436(gap1)
0.1424	23	1	M056	𛷱	57	M288	𜄱	458	P008020(gap2), P008020(gap2), P008020(gap2), P008031(gap1)
0.1406	3	1	M024	𛵮	35	M131+M388	𛻜	13	P009088(gap1), P009196(gap1), P368490(gap3), P368490(gap3)
0.1400	2	1	M175+M288	𛾄	6	M292	𜅊	34	P008236(gap1), P008607(gap1)
0.1397	2	2	M102	𛹬	41	M362+M059	𜉳	5	P008283(gap2), P008295(gap2), P008295(gap2)
0.1388	7	1	M003	𛵁	53	M373	𜊲	48	P008105(gap3), P008310(gap2), P008310(gap2), P008310(gap1)
0.1387	2	3	M311	𜇄	13	M319	𜇳	16	P008015(gap3), P008099(gap3)
0.1383	2	1	M157+M131	𛽛	11	M296	𜅴	19	P008014(gap1), P008186(gap2)
0.1383	4	1	M195+M057	𛾥	22	M262	𜂼	38	P008723(gap1), P008727(gap2), P008728(gap1), P008730(gap2)
0.1380	2	1	M309	𜆽	42	M362+M059	𜉳	5	P008283(gap1), P008295(gap1), P008295(gap1)
0.1373	12	1	M157	𛽔	332	M340	𜈱	23	P008003(gap3), P008129(gap1), P008195(gap1), P008527(gap2)
0.1348	2	2	M097	𛹤	20	M390	𜌕	11	P008446(gap2), P008740(gap3)
0.1336	2	1	M046	𛷇	28	M370+M046+M370	𜊜	8	P008105(gap1), P008125(gap1), P008125(gap3)
0.1334	52	1	M157	𛽔	332	M288	𜄱	458	P008017(gap1), P008022(gap2), P008026(gap3), P008031(gap1)
0.1333	9	1	M002	𛴾	34	M263	𜃁	134	P008139(gap3), P008139(gap1), P008151(gap3), P008151(gap1)
0.1333	4	1	M147	𛼫	20	M210	𛿙	45	P008759(gap1), P009153(gap2), P009343(gap2), P009359(gap1)
0.1322	15	1	M066	𛸗	79	M218	𛿺	163	P008039(gap1), P008048(gap3), P008049(gap1), P008070(gap2)
0.1320	7	1	M263	𜃁	134	M264	𜃋	21	P008190(gap1), P008292(gap3), P008292(gap1), P008313(gap1)
0.1291	2	2	M073	𛸩	8	M175	𛽹	30	P008060(gap2), P008429(gap2)
0.1291	2	1	M036+N24	𛶐	5	M036+N30D	𛶔	48	P008275(gap3), P009192(gap1)
0.1286	2	1	M327+M342	𜈟	22	M377+M320+M377	𜋁	11	P008624(gap1), P368507(gap1)
0.1285	5	1	M057	𛷶	89	M099	𛹧	17	P008164(gap1), P008337(gap3), P008444(gap2), P008906(gap3)
0.1283	7	1	M024	𛵮	35	M371	𜊩	85	P008081(gap1), P008271(gap1), P008447(gap1), P008958(gap1)
0.1279	12	1	M218	𛿺	163	M377	𜋀	54	P008065(gap2), P008144(gap1), P008144(gap3), P008271(gap1)
0.1278	20	1	M057	𛷶	89	M388	𜌓	275	P008082(gap2), P008085(gap3), P008105(gap2), P008105(gap3)
0.1274	15	1	M218	𛿺	163	M371	𜊩	85	P008081(gap3), P008084(gap1), P008108(gap3), P008188(gap3)
0.1273	7	1	M072	𛸧	63	M373	𜊲	48	P008043(gap2), P008043(gap1), P008043(gap1), P008193(gap3)
0.1265	10	1	M149	𛼰	44	M376	𜊽	142	P008001(gap2), P008015(gap3), P008015(gap2), P008119(gap3)
0.1265	2	1	M106	𛺄	50	M362+M059	𜉳	5	P008283(gap2), P008295(gap1), P008295(gap2)
0.1263	18	1	M346	𜈽	183	M367	𜊊	111	P008223(gap1), P008276(gap1), P008284(gap1), P008294(gap1)
0.1260	2	1	M046	𛷇	28	M370+M072+M370	𜊝	9	P008043(gap1), P008125(gap1)
0.1257	2	1	M285	𜄤	11	M386	𜋸	23	P008069(gap1), P008271(gap1)
0.1257	3	1	M036	𛶎	95	M294	𜅗	6	P008234(gap1), P008234(gap1), P008279(gap1), P008279(gap3)
0.1252	7	1	M321	𜇼	22	M376	𜊽	142	P008001(gap3), P008001(gap2), P008015(gap2), P008099(gap2)
0.1250	5	1	M036+N14	𛶏	13	M305	𜆡	123	P008003(gap2), P008137(gap3), P008813(gap1), P008817(gap1)
0.1250	9	1	M370	𜊛	108	M373	𜊲	48	P008043(gap1), P008043(gap3), P008043(gap2), P008043(gap1)
0.1247	7	1	M059	𛸅	70	M210	𛿙	45	P008471(gap2), P008759(gap2), P008759(gap2), P008996(gap3)
0.1241	14	1	M036	𛶎	95	M263	𜃁	134	P008178(gap1), P008234(gap2), P008239(gap1), P008246(gap3)
0.1238	2	1	M131	𛻛	29	M195+M038	𛾣	9	P008134(gap1), P008158(gap1)
0.1234	4	2	M101	𛹪	25	M153	𛽆	42	P008291(gap2), P008871(gap3), P008921(gap2), P008921(gap3)
0.1234	5	1	M003	𛵁	53	M081	𛹌	31	P008751(gap2), P008827(gap2), P008827(gap3), P008894(gap1)
0.1226	27	1	M263	𜃁	134	M387	𜋾	362	P008139(gap1), P008139(gap1), P008161(gap1), P008161(gap3)
0.1222	5	1	M254	𜂔	31	M377	𜋀	54	P008271(gap2), P008661(gap3), P008742(gap2), P008977(gap3)
0.1221	18	1	M066	𛸗	79	M388	𜌓	275	P008067(gap3), P008098(gap2), P008164(gap3), P008271(gap1)
0.1221	6	1	M374	𜊴	17	M376	𜊽	142	P008015(gap2), P008171(gap2), P008171(gap1), P008281(gap3)
0.1221	11	1	M243	𜁃	40	M297	𜅸	203	P008075(gap1), P008150(gap1), P008231(gap1), P008403(gap3)
0.1204	3	2	M041	𛶹	23	M051	𛷣	27	P008179(gap2), P008790(gap3), P008883(gap2)
0.1204	2	1	M230	𜀮	12	M259	𜂣	23	P008196(gap1), P009194(gap2)
0.1201	3	1	M365	𜊅	48	M377+M377	𜋂	13	P008238(gap3), P009152(gap1), P009325(gap1)
0.1196	15	1	M006-cluster	[M006-cluster]	86	M346	𜈽	183	P008007(gap1), P008284(gap1), P008294(gap1), P008294(gap3)
0.1195	4	1	M024	𛵮	35	M145	𛼙	32	P008085(gap1), P008085(gap1), P008089(gap3), P008960(gap2)
0.1195	2	2	M059	𛸅	70	M357	𜉣	4	P008759(gap3), P008767(gap2)
0.1185	5	2	M057	𛷶	89	M097	𛹤	20	P008136(gap3), P008446(gap3), P008740(gap2), P008940(gap2)
0.1185	2	2	M036+N24	𛶐	5	M038	𛶡	57	P008297(gap2), P009192(gap2)
0.1183	2	1	M311	𜇄	13	M321	𜇼	22	P008015(gap3), P008099(gap1), P008099(gap2)
0.1183	2	1	M029	𛵷	22	M291	𜅇	13	P008082(gap1), P008173(gap1)
0.1183	2	1	M180	𛾑	13	M327+M342	𜈟	22	P008275(gap1), P008290(gap1)
0.1179	2	1	M295	𜅘	18	M380	𜋏	16	P008053(gap1), P009221(gap2)
0.1179	2	1	M230	𜀮	12	M347	𜉇	24	P008083(gap1), P008967(gap3)
0.1179	2	3	M112	𛺣	24	M220	𜀌	12	P008891(gap3), P009043(gap3)
0.1175	6	1	M218	𛿺	163	M242	𜀺	16	P008081(gap2), P008108(gap2), P008688(gap2), P009089(gap2)
0.1162	14	1	M057	𛷶	89	M218	𛿺	163	P008100(gap2), P008136(gap2), P008144(gap1), P008144(gap1)
0.1162	6	1	M102	𛹬	41	M269	𜃪	65	P008283(gap3), P008283(gap2), P008283(gap3), P008283(gap1)
0.1158	35	1	M157	𛽔	332	M388	𜌓	275	P008022(gap3), P008033(gap3), P008056(gap1), P008067(gap1)
0.1157	3	1	M250	𜁺	14	M365	𜊅	48	P008040(gap3), P008078(gap1), P009336(gap1)
0.1157	3	1	M146	𛼢	28	M240	𜀰	24	P008635(gap2), P008635(gap3), P008636(gap3), P008972(gap1)
0.1157	2	2	M248	𜁨	13	M386	𜋸	23	P008541(gap2), P368486(gap2)
0.1155	2	3	M206	𛾾	60	M362+M059	𜉳	5	P008283(gap3), P008295(gap3), P008295(gap3), P008295(gap3)
0.1155	2	1	M105	𛹾	25	M193	𛾚	12	P008322(gap3), P008866(gap1)
0.1150	5	2	M024	𛵮	35	M377	𜋀	54	P008037(gap3), P009088(gap2), P009251(gap3), P009467(gap2)
0.1147	2	2	M223	𜀕	16	M314	𜇏	19	P008101(gap2), P008122(gap3)
0.1147	9	1	M059	𛸅	70	M136	𛻰	88	P008443(gap1), P008736(gap3), P008759(gap1), P008759(gap1)
0.1143	7	1	M218	𛿺	163	M386	𜋸	23	P008049(gap2), P008049(gap2), P008271(gap2), P008271(gap3)
0.1140	3	2	M072	𛸧	63	M370+M388	𜊛𜌓	11	P008043(gap3), P008105(gap3), P009183(gap2)
0.1140	2	1	M046	𛷇	28	M370+M388	𜊛𜌓	11	P008043(gap1), P008043(gap2), P008105(gap1)
0.1140	4	1	M046	𛷇	28	M149	𛼰	44	P008105(gap2), P009183(gap3), P009185(gap1), P009201(gap1)
0.1140	2	2	M005	𛵇	14	M327+M342	𜈟	22	P008344(gap2), P008344(gap2), P008744(gap3)
0.1134	3	1	M059	𛸅	70	M381	𜋒	10	P008471(gap1), P009077(gap3), P009538(gap1)
0.1134	3	1	M024	𛵮	35	M097	𛹤	20	P009088(gap3), P009537(gap1), P368486(gap2)
0.1132	21	1	M036	𛶎	95	M387	𜋾	362	P008165(gap1), P008165(gap2), P008178(gap3), P008234(gap1)
0.1132	3	1	M131+M388	𛻜	13	M377	𜋀	54	P008634(gap3), P009088(gap1), P009288(gap3)
0.1132	2	1	M302	𜆌	13	M317	𜇟	24	P008041(gap2), P008041(gap1), P008885(gap1)
0.1132	2	2	M112	𛺣	24	M377+M377	𜋂	13	P008310(gap3), P009152(gap2)
0.1131	5	1	M371	𜊩	85	M386	𜋸	23	P008069(gap2), P008271(gap1), P008319(gap3), P008447(gap1)
0.1129	5	1	M059	𛸅	70	M383	𜋜	28	P008277(gap3), P008741(gap1), P008996(gap1), P009153(gap2)
0.1125	2	2	M066	𛸗	79	M270	𜃷	4	P008083(gap2), P008122(gap3)
0.1123	3	1	M002	𛴾	34	M264	𜃋	21	P008292(gap2), P008313(gap2), P008691(gap1)
0.1121	5	1	M005	𛵇	14	M376	𜊽	142	P008001(gap1), P008015(gap3), P008154(gap1), P008154(gap3)
0.1119	4	1	M310	𜇂	9	M376	𜊽	142	P008001(gap1), P008201(gap1), P009185(gap1), P009442(gap1)
0.1114	11	1	M036+N30D	𛶔	48	M297	𜅸	203	P008350(gap1), P008752(gap1), P008923(gap1), P008992(gap1)
0.1111	4	1	M347	𜉇	24	M377	𜋀	54	P008037(gap2), P008977(gap2), P009288(gap1), P009288(gap1)
0.1111	2	1	M370	𜊛	108	M370+M046	𜊛𛷇	3	P008105(gap2), P008105(gap1), P008105(gap3), P008193(gap1)
0.1109	4	1	M136+M365	𛻳	26	M327	𜈙	50	P008344(gap1), P008759(gap3), P008955(gap3), P009027(gap3)
0.1109	4	1	M081	𛹌	31	M153	𛽆	42	P008751(gap3), P008827(gap1), P008881(gap2), P008921(gap1)
0.1098	6	1	M157	𛽔	332	M195+M038	𛾣	9	P008019(gap1), P008039(gap1), P008134(gap1), P008158(gap1)
0.1097	3	1	M149	𛼰	44	M374	𜊴	17	P008015(gap1), P008142(gap2), P008281(gap2)
0.1097	4	1	M024	𛵮	35	M048	𛷋	38	P008221(gap1), P008221(gap3), P008447(gap3), P009049(gap2)
0.1096	11	1	M195+M057	𛾥	22	M288	𜄱	458	P008140(gap3), P008286(gap1), P008718(gap1), P008719(gap1)
0.1093	8	1	M243	𜁃	40	M263	𜃁	134	P008234(gap2), P008239(gap2), P008239(gap1), P008354(gap1)
0.1091	2	1	M050	𛷙	14	M112	𛺣	24	P008178(gap1), P009256(gap3), P009256(gap1)
0.1091	5	1	M106	𛺄	50	M309	𜆽	42	P008283(gap3), P008283(gap3), P008283(gap1), P008283(gap3)
0.1091	2	2	M188	𛾗	7	M365	𜊅	48	P008611(gap3), P008954(gap2)
0.1091	2	2	M032	𛶃	56	M305+M320	𜆯	6	P008635(gap2), P008777(gap3)
0.1091	2	1	M324	𜈌	12	M383	𜋜	28	P008741(gap2), P272825(gap1)
0.1091	2	1	M143	𛼔	8	M153	𛽆	42	P008751(gap2), P009383(gap1)
0.1091	9	1	M072	𛸧	63	M370	𜊛	108	P008040(gap3), P008043(gap2), P008043(gap2), P008105(gap3)
0.1091	3	1	M123	𛻀	7	M370	𜊛	108	P008105(gap1), P008432(gap1), P368479(gap3)
0.1086	5	1	M218	𛿺	163	M332	𜈫	13	P008100(gap3), P008144(gap3), P008144(gap1), P008271(gap2)
0.1085	2	2	M371	𜊩	85	M461	𜍄	4	P008188(gap2), P008408(gap2)
0.1085	4	1	M002	𛴾	34	M243	𜁃	40	P008245(gap1), P008331(gap2), P008456(gap1), P008676(gap1)
0.1085	2	3	M097	𛹤	20	M301	𜆄	17	P008446(gap3), P008631(gap3)
0.1085	2	1	M308	𜆻	4	M371	𜊩	85	P008446(gap2), P009080(gap1)
0.1083	2	1	M254	𜂔	31	M390	𜌕	11	P008241(gap1), P008544(gap1)
0.1083	2	2	M081	𛹌	31	M134	𛻦	11	P008617(gap2), P008927(gap2)
0.1083	2	1	M122	𛺹	31	M382	𜋔	11	P008827(gap3), P009122(gap1)
0.1082	5	1	M057	𛷶	89	M347	𜉇	24	P008643(gap1), P008688(gap2), P008977(gap2), P009288(gap2)
0.1081	2	2	M010	𛵜	57	M294	𜅗	6	P008279(gap2), P008279(gap2), P008279(gap2), P008279(gap2)
0.1081	2	2	M010	𛵜	57	M175+M136	𛽽	6	P008387(gap3), P009087(gap2)
0.1081	3	2	M059	𛸅	70	M134	𛻦	11	P008322(gap2), P009046(gap2), P009153(gap3)
0.1081	44	1	M288	𜄱	458	M387	𜋾	362	P008003(gap1), P008010(gap2), P008022(gap1), P008053(gap3)
0.1078	2	1	M208	𛿓	8	M384	𜋨	43	P009114(gap1), P009152(gap2)
0.1076	11	1	M048	𛷋	38	M388	𜌓	275	P008136(gap2), P008185(gap3), P008185(gap1), P008185(gap2)
0.1072	7	1	M264	𜃋	21	M297	𜅸	203	P008189(gap3), P008292(gap2), P008991(gap3), P008993(gap1)
0.1071	3	1	M005	𛵇	14	M032	𛶃	56	P008114(gap1), P008154(gap3), P008154(gap1), P009005(gap2)
0.1068	2	1	M051	𛷣	27	M209	𛿔	13	P008229(gap1), P008773(gap1), P008773(gap1)
0.1063	12	1	M054	𛷪	182	M059	𛸅	70	P008311(gap1), P008759(gap3), P008759(gap3), P008759(gap1)
0.1062	3	1	M010	𛵜	57	M266	𜃞	14	P008224(gap1), P008270(gap3), P008321(gap2), P008321(gap1)
0.1062	3	1	M044	𛷂	14	M056	𛷱	57	P009525(gap1), P009525(gap2), P009529(gap1), P009543(gap1)
0.1060	5	1	M057	𛷶	89	M348	𜉈	25	P008383(gap3), P008633(gap2), P008633(gap1), P009257(gap1)
0.1058	3	1	M261	𜂵	6	M263	𜃁	134	P008246(gap1), P008323(gap2), P009245(gap1), P009245(gap2)
0.1057	3	1	M024	𛵮	35	M386	𜋸	23	P008447(gap2), P009174(gap3), P368486(gap1)
0.1048	2	2	M146	𛼢	28	M311	𜇄	13	P008015(gap2), P008084(gap3)
0.1048	2	1	M136+M365	𛻳	26	M417	𜌢	14	P008759(gap1), P008765(gap2)
0.1048	2	1	M209	𛿔	13	M383	𜋜	28	P008826(gap3), P272825(gap1)
0.1042	5	1	M111	𛺑	48	M304	𜆛	48	P008157(gap1), P008162(gap2), P008826(gap1), P008998(gap1)
0.1035	11	1	M157	𛽔	332	M292	𜅊	34	P008150(gap1), P008629(gap1), P008727(gap2), P008730(gap2)
0.1035	3	1	M059	𛸅	70	M324	𜈌	12	P008611(gap1), P008741(gap1), P009046(gap1)
0.1030	2	1	M247	𜁞	29	M311	𜇄	13	P009083(gap1), P009164(gap2)
0.1029	8	1	M346	𜈽	183	M362	𜉮	33	P008294(gap1), P008294(gap1), P008294(gap1), P008294(gap2)
0.1029	4	1	M072	𛸧	63	M317	𜇟	24	P008170(gap3), P008310(gap1), P008310(gap3), P009160(gap2)
0.1028	3	3	M004	𛵅	37	M386	𜋸	23	P008069(gap3), P008353(gap3), P009356(gap3)
0.1027	11	1	M054	𛷪	182	M072	𛸧	63	P008043(gap1), P008043(gap2), P008105(gap2), P008105(gap1)
0.1026	2	1	M036	𛶎	95	M036+N39C	𛶙	4	P008274(gap2), P008350(gap1)
0.1026	2	1	M147	𛼫	20	M314	𜇏	19	P008338(gap1), P008906(gap1)
0.1021	2	2	M370+M072	𜊛𛸧	8	M373	𜊲	48	P008043(gap3), P008490(gap2)
0.1021	2	1	M223	𜀕	16	M240	𜀰	24	P008101(gap1), P008972(gap2), P008972(gap3)
0.1021	2	1	M361	𜉪	8	M365	𜊅	48	P008894(gap1), P009152(gap1)
0.1021	3	1	M377	𜋀	54	M380	𜋏	16	P008037(gap1), P008053(gap1), P008084(gap1)
0.1021	3	1	M370	𜊛	108	M370+M072	𜊛𛸧	8	P008043(gap3), P008105(gap2), P009183(gap1)
0.1021	3	1	M370	𜊛	108	M370+M046+M370	𜊜	8	P008043(gap2), P008125(gap3), P008125(gap1), P368479(gap3)
0.1021	3	1	M033	𛶈	18	M304	𜆛	48	P008157(gap2), P009222(gap1), P009231(gap1)
0.1021	3	1	M036+N30D	𛶔	48	M323	𜈆	18	P008999(gap1), P008999(gap3), P008999(gap3), P008999(gap1)
0.1013	2	2	M175	𛽹	30	M248	𜁨	13	P008441(gap2), P008894(gap3)
0.1010	7	1	M057	𛷶	89	M377	𜋀	54	P008082(gap1), P008082(gap1), P008144(gap2), P008430(gap3)
0.1008	14	1	M036	𛶎	95	M297	𜅸	203	P008046(gap3), P008046(gap1), P008138(gap1), P008240(gap3)
0.1008	13	1	M297	𜅸	203	M354	𜉠	82	P008003(gap2), P008168(gap2), P008172(gap2), P008172(gap1)
0.1005	2	1	M149	𛼰	44	M310	𜇂	9	P008001(gap1), P008105(gap1)
0.1002	6	1	M029	𛵷	22	M218	𛿺	163	P008144(gap2), P008196(gap2), P008495(gap1), P008621(gap3)
0.1002	26	1	M157	𛽔	332	M297	𜅸	203	P008003(gap2), P008058(gap2), P008150(gap3), P008153(gap2)
0.0996	2	1	M254	𜂔	31	M377+M377	𜋂	13	P008238(gap1), P008438(gap1)
0.0996	2	1	M081	𛹌	31	M311	𜇄	13	P009051(gap3), P009123(gap1), P009123(gap3), P009123(gap1)
0.0994	9	1	M054	𛷪	182	M210	𛿙	45	P008233(gap3), P008277(gap3), P008310(gap3), P008310(gap1)
0.0994	2	3	M210	𛿙	45	M277	𜄄	9	P009086(gap3), P009153(gap3)
0.0992	9	1	M203	𛾳	58	M376	𜊽	142	P008015(gap1), P008015(gap2), P008015(gap1), P008119(gap1)
0.0991	6	1	M362	𜉮	33	M367	𜊊	111	P008294(gap2), P008294(gap3), P008294(gap2), P008294(gap1)
0.0991	8	1	M218	𛿺	163	M352	𜉕	40	P008049(gap3), P008049(gap1), P008049(gap3), P008069(gap1)
0.0990	2	1	M103	𛹸	24	M374	𜊴	17	P008072(gap1), P008621(gap2)
0.0988	7	1	M056	𛷱	57	M136	𛻰	88	P008041(gap1), P008194(gap1), P008761(gap1), P008806(gap3)
0.0985	7	1	M218	𛿺	163	M254	𜂔	31	P008051(gap2), P008081(gap2), P008096(gap1), P008271(gap3)
0.0985	4	1	M175+M175	𛾁	6	M388	𜌓	275	P008133(gap1), P008171(gap3), P008672(gap1), P368547(gap1)
0.0981	3	1	M285	𜄤	11	M371	𜊩	85	P008069(gap3), P008271(gap2), P009537(gap1)
0.0981	2	1	M145	𛼙	32	M209	𛿔	13	P008135(gap3), P008773(gap3), P008773(gap1)
0.0979	11	1	M157	𛽔	332	M262	𜂼	38	P008067(gap3), P008141(gap2), P008175(gap2), P008205(gap1)
0.0976	4	1	M075	𛸳	35	M365	𜊅	48	P008016(gap1), P008021(gap2), P008961(gap1), P009027(gap1)
0.0976	2	3	M206	𛾾	60	M351	𜉍	7	P008295(gap3), P009459(gap3)
0.0976	2	1	M383	𜋜	28	M418	𜌧	15	P008303(gap3), P008303(gap1), P008303(gap1), P008322(gap3)
0.0976	2	2	M059	𛸅	70	M151	𛼺	6	P008322(gap2), P008372(gap2)
0.0972	3	1	M032	𛶃	56	M039	𛶭	17	P008148(gap1), P008148(gap2), P008166(gap2), P008166(gap1)
0.0972	10	1	M066	𛸗	79	M263	𜃁	134	P008049(gap2), P008060(gap3), P008070(gap1), P008144(gap2)
0.0971	3	1	M003	𛵁	53	M351+N14	𜉎	18	P008490(gap3), P008863(gap1), P008969(gap1)
0.0970	4	1	M097	𛹤	20	M371	𜊩	85	P008043(gap2), P008108(gap3), P008446(gap1), P009480(gap1)
0.0969	2	2	M068	𛸝	3	M376	𜊽	142	P008154(gap2), P009185(gap2)
0.0964	3	2	M149	𛼰	44	M321	𜇼	22	P008015(gap2), P008154(gap3), P008154(gap2), P008687(gap2)
0.0963	9	1	M054	𛷪	182	M373	𜊲	48	P008043(gap1), P008043(gap1), P008043(gap3), P008043(gap3)
0.0962	3	2	M370	𜊛	108	M370+M072+M370	𜊝	9	P008043(gap2), P008043(gap3), P008193(gap2), P008193(gap3)
0.0962	2	1	M175+M131	𛽻	4	M370	𜊛	108	P008105(gap1), P008432(gap1), P008432(gap3)
0.0962	2	1	M112	𛺣	24	M379	𜋊	18	P008178(gap2), P008385(gap1)
0.0962	2	2	M277	𜄄	9	M304	𜆛	48	P009086(gap2), P009155(gap2)
0.0959	6	1	M218	𛿺	163	M240	𜀰	24	P008008(gap3), P008008(gap2), P008008(gap3), P008101(gap2)
0.0956	3	1	M305	𜆡	123	M361	𜉪	8	P008774(gap3), P008779(gap2), P008894(gap1)
0.0955	8	1	M056	𛷱	57	M305	𜆡	123	P008194(gap3), P008790(gap1), P008791(gap1), P008792(gap1)
0.0953	6	1	M136	𛻰	88	M210	𛿙	45	P008273(gap1), P008759(gap1), P008839(gap1), P009077(gap2)
0.0951	7	1	M010	𛵜	57	M036	𛶎	95	P008234(gap1), P008270(gap2), P008279(gap1), P008279(gap3)
0.0948	20	1	M305	𜆡	123	M387	𜋾	362	P008003(gap1), P008004(gap2), P008004(gap1), P008139(gap3)
0.0945	2	2	M032	𛶃	56	M128	𛻌	8	P008166(gap3), P368558(gap2)
0.0943	2	1	M033	𛶈	18	M217	𛿯	25	P008369(gap1), P272825(gap3)
0.0943	2	1	M210	𛿙	45	M375	𜊶	10	P008382(gap3), P008388(gap1)
0.0943	2	1	M210	𛿙	45	M381	𜋒	10	P008471(gap1), P009077(gap3)
0.0939	3	2	M230	𜀮	12	M371	𜊩	85	P009178(gap3), P009252(gap2), P009480(gap3)
0.0939	5	1	M006-cluster	[M006-cluster]	86	M362	𜉮	33	P008294(gap1), P008294(gap1), P008294(gap1), P008473(gap2)
0.0938	2	1	M269	𜃪	65	M351	𜉍	7	P008295(gap1), P008439(gap1)
0.0937	2	2	M262	𜂼	38	M329	𜈩	12	P009258(gap2), P368480(gap3)
0.0935	6	1	M247	𜁞	29	M376	𜊽	142	P008149(gap2), P008835(gap1), P009056(gap1), P009056(gap2)
0.0932	3	1	M004	𛵅	37	M146	𛼢	28	P008271(gap1), P008448(gap3), P008636(gap2)
0.0931	4	1	M102	𛹬	41	M260	𜂧	45	P008283(gap3), P008283(gap2), P008283(gap3), P008295(gap3)
0.0930	2	1	M153	𛽆	42	M382	𜋔	11	P008223(gap1), P008881(gap3)
0.0930	2	2	M029	𛵷	22	M125	𛻇	21	P008495(gap2), P008740(gap2)
0.0928	2	1	M219	𜀈	29	M328	𜈧	16	P008094(gap1), P008891(gap1)
0.0925	17	1	M124	𛻃	207	M218	𛿺	163	P008005(gap1), P008006(gap2), P008010(gap2), P008010(gap2)
0.0925	5	1	M004	𛵅	37	M066	𛸗	79	P008271(gap1), P008445(gap3), P008636(gap3), P009356(gap3)
0.0924	4	3	M050	𛷙	14	M263	𜃁	134	P008178(gap3), P008350(gap3), P008354(gap3), P009256(gap3)
0.0921	4	1	M340	𜈱	23	M354	𜉠	82	P008003(gap1), P008003(gap3), P008692(gap2), P009197(gap1)
0.0920	8	1	M057	𛷶	89	M371	𜊩	85	P008082(gap3), P008105(gap2), P008447(gap3), P009178(gap2)
0.0919	4	1	M066	𛸗	79	M240	𜀰	24	P008241(gap3), P008477(gap2), P008636(gap2), P368490(gap1)
0.0919	2	1	M066	𛸗	79	M296+M296	𜅵	6	P008477(gap3), P008977(gap1)
0.0916	9	1	M003	𛵁	53	M054	𛷪	182	P008105(gap1), P008310(gap3), P008310(gap1), P008310(gap3)
0.0916	14	1	M371	𜊩	85	M388	𜌓	275	P008082(gap1), P008105(gap1), P008108(gap1), P008366(gap2)
0.0915	3	1	M105	𛹾	25	M384	𜋨	43	P008316(gap3), P008931(gap3), P008931(gap1), P008953(gap2)
0.0915	25	1	M218	𛿺	163	M288	𜄱	458	P008010(gap3), P008019(gap1), P008039(gap2), P008039(gap1)
0.0913	2	2	M369	𜊘	10	M373	𜊲	48	P008105(gap3), P008105(gap2), P009201(gap3)
0.0913	5	1	M106	𛺄	50	M206	𛾾	60	P008283(gap2), P008283(gap3), P008283(gap2), P008283(gap2)
0.0913	8	1	M153	𛽆	42	M346	𜈽	183	P008123(gap1), P008123(gap3), P008291(gap1), P008291(gap1)
0.0909	28	1	M124	𛻃	207	M288	𜄱	458	P008010(gap1), P008043(gap1), P008043(gap1), P008043(gap2)
0.0909	2	3	M149	𛼰	44	M370+M388	𜊛𜌓	11	P008490(gap3), P009183(gap3)
0.0909	4	1	M002	𛴾	34	M038	𛶡	57	P008151(gap2), P008297(gap1), P008676(gap2), P008691(gap1)
0.0907	2	1	M033	𛶈	18	M051	𛷣	27	P009240(gap3), P009240(gap1), P272825(gap2)
0.0905	3	1	M096	𛹜	44	M217	𛿯	25	P008621(gap1), P009383(gap1), P368483(gap1)
0.0904	4	1	M218	𛿺	163	M230	𜀮	12	P008083(gap2), P008196(gap3), P009257(gap1), P009257(gap1)
0.0904	2	2	M009 ≈ M035M09 ≈ M3	[M009 ≈ M035M09 ≈ M3]	3	M218	𛿺	163	P008163(gap2), P008495(gap2)
0.0901	10	1	M002	𛴾	34	M387	𜋾	362	P008139(gap2), P008183(gap2), P008189(gap2), P008279(gap1)
0.0901	5	1	M075	𛸳	35	M136	𛻰	88	P008059(gap3), P008194(gap2), P008759(gap3), P008851(gap1)
0.0899	2	2	M134	𛻦	11	M210	𛿙	45	P008277(gap2), P009153(gap2)
0.0899	2	1	M210	𛿙	45	M293	𜅒	11	P009357(gap1), P009367(gap1), P009367(gap1)
0.0898	5	1	M218	𛿺	163	M314	𜇏	19	P008085(gap3), P008101(gap1), P008101(gap1), P008338(gap2)
0.0898	2	1	M242	𜀺	16	M254	𜂔	31	P009257(gap1), P009281(gap1)
0.0897	19	1	M218	𛿺	163	M388	𜌓	275	P008108(gap3), P008110(gap1), P008110(gap3), P008243(gap1)
0.0897	3	1	M136+M365	𛻳	26	M384	𜋨	43	P008510(gap1), P008759(gap1), P008955(gap1), P008955(gap1)
0.0896	4	1	M153+M342	𛽍	6	M157	𛽔	332	P008265(gap3), P009191(gap2), P009232(gap2), P368523(gap1)
0.0891	2	1	M072	𛸧	63	M298	𜆁	8	P008043(gap1), P009103(gap3)
0.0891	2	2	M032	𛶃	56	M310	𜇂	9	P008201(gap2), P008490(gap2)
0.0889	7	1	M048	𛷋	38	M218	𛿺	163	P008163(gap3), P008271(gap2), P008447(gap2), P008600(gap2)
0.0888	6	1	M146	𛼢	28	M218	𛿺	163	P008049(gap1), P008049(gap1), P008084(gap1), P008271(gap1)
0.0886	2	1	M296+M296	𜅵	6	M371	𜊩	85	P008161(gap1), P008477(gap2)
0.0884	2	1	M145	𛼙	32	M242	𜀺	16	P008081(gap1), P498539(gap1)
0.0883	4	2	M102	𛹬	41	M106	𛺄	50	P008283(gap3), P008283(gap2), P008283(gap3), P008283(gap3)
0.0882	3	1	M057	𛷶	89	M332	𜈫	13	P008100(gap1), P008144(gap2), P498539(gap3)
0.0881	11	1	M288	𜄱	458	M391	𜌗	34	P008020(gap1), P008020(gap3), P008020(gap3), P008020(gap1)
0.0880	2	1	M251	𜂁	12	M384	𜋨	43	P008666(gap1), P009204(gap3)
0.0880	7	1	M259	𜂣	23	M388	𜌓	275	P008455(gap2), P008547(gap1), P008907(gap1), P008975(gap2)
0.0877	2	2	M332	𜈫	13	M352	𜉕	40	P008060(gap3), P008144(gap2)
0.0877	2	1	M248	𜁨	13	M352	𜉕	40	P008561(gap1), P008633(gap2)
0.0877	2	2	M352	𜉕	40	M377+M377	𜋂	13	P008784(gap2), P009152(gap3)
0.0877	2	1	M131+M388	𛻜	13	M352	𜉕	40	P008907(gap1), P009252(gap2)
0.0877	5	1	M106	𛺄	50	M269	𜃪	65	P008283(gap1), P008283(gap1), P008283(gap1), P008283(gap1)
0.0873	6	1	M009	𛵓	139	M292	𜅊	34	P008349(gap1), P008349(gap1), P008349(gap2), P008349(gap1)
0.0870	2	1	M370+M388	𜊛𜌓	11	M373	𜊲	48	P008043(gap1), P008490(gap2)
0.0870	2	1	M053	𛷨	11	M373	𜊲	48	P008043(gap2), P008277(gap1), P008277(gap2), P008277(gap1)
0.0870	2	1	M096	𛹜	44	M220	𜀌	12	P008064(gap3), P368489(gap1)
0.0870	3	2	M370	𜊛	108	M370+M388	𜊛𜌓	11	P008104(gap2), P008105(gap3), P008490(gap2), P008490(gap3)
0.0870	2	1	M096	𛹜	44	M329	𜈩	12	P008115(gap3), P008117(gap1)
0.0870	2	1	M029	𛵷	22	M103	𛹸	24	P008621(gap1), P008621(gap1), P368483(gap1)
0.0870	2	1	M259	𜂣	23	M320	𜇶	23	P008547(gap1), P009338(gap2)
0.0869	11	1	M054	𛷪	182	M136	𛻰	88	P008322(gap3), P008322(gap2), P008486(gap3), P008537(gap3)
0.0869	2	1	M003	𛵁	53	M369	𜊘	10	P008105(gap1), P009201(gap1)
0.0866	4	1	M265	𜃓	26	M354	𜉠	82	P008692(gap1), P008692(gap3), P008922(gap3), P009129(gap2)
0.0866	8	1	M066	𛸗	79	M370	𜊛	108	P008040(gap3), P008048(gap2), P008105(gap2), P008164(gap1)
0.0865	2	1	M057	𛷶	89	M305+M342	𜆲	6	P008314(gap1), P009185(gap2)
0.0865	2	1	M057	𛷶	89	M344	𜈻	6	P008857(gap1), P008858(gap1)
0.0865	2	2	M049	𛷑	6	M057	𛷶	89	P009178(gap2), P009178(gap3), P009382(gap3)
0.0865	30	1	M157	𛽔	332	M387	𜋾	362	P008004(gap1), P008004(gap2), P008022(gap1), P008023(gap1)
0.0861	2	2	M193	𛾚	12	M210	𛿙	45	P008273(gap2), P008322(gap2)
0.0856	2	1	M054	𛷪	182	M370+M046	𜊛𛷇	3	P008105(gap1), P008105(gap3), P008193(gap2)
0.0856	6	1	M051	𛷣	27	M054	𛷪	182	P008179(gap3), P008179(gap1), P008310(gap1), P008310(gap2)
0.0856	2	1	M125	𛻇	21	M136+M365	𛻳	26	P008349(gap1), P008779(gap3)
0.0854	7	1	M066	𛸗	79	M371	𜊩	85	P008040(gap2), P008122(gap1), P008122(gap3), P008688(gap1)
0.0853	4	1	M136	𛻰	88	M348	𜉈	25	P008273(gap2), P008322(gap3), P008633(gap1), P008633(gap2)
0.0853	2	1	M217	𛿯	25	M327+M342	𜈟	22	P008310(gap1), P008612(gap3)
0.0853	2	2	M327+M342	𜈟	22	M348	𜉈	25	P008383(gap3), P368546(gap2)
0.0853	2	2	M029	𛵷	22	M217	𛿯	25	P009249(gap2), P368483(gap2)
0.0850	2	1	M047	𛷊	7	M066	𛸗	79	P008164(gap1), P009225(gap3)
0.0850	4	1	M066	𛸗	79	M146	𛼢	28	P008271(gap2), P008636(gap1), P009156(gap2), P009280(gap1)
0.0848	5	1	M066	𛸗	79	M096	𛹜	44	P008144(gap1), P008444(gap2), P008621(gap3), P008688(gap1)
0.0846	3	1	M004	𛵅	37	M391	𜌗	34	P008314(gap1), P008666(gap1), P008974(gap2)
0.0845	2	2	M024	𛵮	35	M380	𜋏	16	P008037(gap2), P008051(gap2)
0.0845	2	2	M147	𛼫	20	M383	𜋜	28	P008076(gap3), P009153(gap3), P009153(gap2)
0.0845	2	2	M050	𛷙	14	M243	𜁃	40	P008234(gap3), P008234(gap3), P008354(gap2)
0.0845	2	1	M032	𛶃	56	M375	𜊶	10	P008653(gap3), P008898(gap2), P008898(gap1), P008898(gap3)
0.0843	9	1	M263	𜃁	134	M371	𜊩	85	P008004(gap2), P008007(gap3), P008108(gap2), P008122(gap3)
0.0843	4	1	M106	𛺄	50	M260	𜂧	45	P008283(gap1), P008283(gap1), P008283(gap1), P008295(gap1)
0.0843	6	1	M266	𜃞	14	M387	𜋾	362	P008003(gap1), P008275(gap2), P008321(gap3), P008369(gap1)
0.0843	20	1	M288	𜄱	458	M305	𜆡	123	P008003(gap2), P008014(gap2), P008042(gap2), P008186(gap3)
0.0842	8	1	M009	𛵓	139	M269	𜃪	65	P008283(gap2), P008283(gap3), P008283(gap2), P008283(gap3)
0.0840	6	1	M046	𛷇	28	M054	𛷪	182	P008043(gap3), P008043(gap3), P008043(gap3), P008043(gap3)
0.0840	2	2	M072	𛸧	63	M370+M072+M370	𜊝	9	P008043(gap2), P009183(gap2)
0.0840	2	1	M072	𛸧	63	M370+M388+M370	𜊟	9	P008105(gap3), P008105(gap1), P009183(gap3)
0.0838	4	1	M124	𛻃	207	M370+M388	𜊛𜌓	11	P008043(gap2), P008043(gap3), P008043(gap3), P008104(gap2)
0.0838	4	1	M263	𜃁	134	M301	𜆄	17	P008124(gap2), P008345(gap2), P008635(gap3), P009364(gap1)
0.0838	5	1	M057	𛷶	89	M352	𜉕	40	P008012(gap1), P008085(gap1), P008136(gap3), P008444(gap1)
0.0838	5	1	M057	𛷶	89	M243	𜁃	40	P008234(gap2), P008245(gap2), P008354(gap1), P008354(gap3)
0.0838	2	1	M036	𛶎	95	M175+M136	𛽽	6	P008234(gap3), P008234(gap1), P008279(gap3)
0.0836	3	1	M032	𛶃	56	M320	𜇶	23	P008278(gap1), P008448(gap2), P009160(gap3)
0.0836	4	1	M066	𛸗	79	M195	𛾢	29	P008479(gap3), P008631(gap1), P009371(gap3), P009371(gap1)
0.0833	2	1	M329	𜈩	12	M373	𜊲	48	P008105(gap2), P008105(gap1), P008490(gap3)
0.0833	4	1	M036+N30D	𛶔	48	M111	𛺑	48	P008156(gap2), P008157(gap2), P009004(gap1), P009165(gap1)
0.0833	3	1	M051	𛷣	27	M373	𜊲	48	P008310(gap3), P008902(gap2), P008902(gap1), P009201(gap1)
0.0833	2	1	M036+N30D	𛶔	48	M228	𜀢	12	P008435(gap1), P009228(gap2), P009228(gap1), P009228(gap1)
0.0830	6	1	M314	𜇏	19	M388	𜌓	275	P008185(gap2), P008185(gap1), P008185(gap3), P008318(gap1)
0.0829	11	1	M124	𛻃	207	M371	𜊩	85	P008007(gap2), P008043(gap2), P008043(gap1), P008081(gap2)
0.0828	2	1	M003	𛵁	53	M382	𜋔	11	P008827(gap2), P008827(gap1), P009122(gap1)
0.0827	5	1	M157	𛽔	332	M249	𜁱	11	P008041(gap3), P008148(gap1), P008166(gap1), P008195(gap3)
0.0827	5	1	M297	𜅸	203	M323	𜈆	18	P008919(gap1), P008999(gap3), P008999(gap2), P009154(gap3)
0.0827	7	1	M096	𛹜	44	M218	𛿺	163	P008064(gap2), P008073(gap2), P008444(gap1), P008444(gap1)
0.0822	2	2	M004	𛵅	37	M242	𜀺	16	P008353(gap2), P009257(gap3)
0.0822	4	1	M066	𛸗	79	M175	𛽹	30	P008060(gap1), P008432(gap2), P008441(gap3), P008688(gap2)
0.0819	5	1	M124	𛻃	207	M351+N14	𜉎	18	P008105(gap2), P008281(gap1), P008281(gap2), P008307(gap1)
0.0818	3	2	M365	𜊅	48	M383	𜋜	28	P008322(gap2), P008664(gap2), P008961(gap2)
0.0817	29	1	M288	𜄱	458	M388	𜌓	275	P008003(gap3), P008022(gap1), P008033(gap1), P008104(gap2)
0.0817	5	1	M218	𛿺	163	M259	𜂣	23	P008065(gap2), P008431(gap3), P008431(gap1), P008688(gap2)
0.0816	2	3	M217	𛿯	25	M347	𜉇	24	P008083(gap3), P008188(gap3)
0.0816	2	1	M103	𛹸	24	M217	𛿯	25	P008621(gap3), P368483(gap1)
0.0816	4	1	M327	𜈙	50	M365	𜊅	48	P008917(gap1), P008961(gap1), P009027(gap1), P009460(gap2)
0.0815	8	1	M157	𛽔	332	M195	𛾢	29	P008044(gap2), P008153(gap1), P008631(gap3), P008732(gap1)
0.0815	2	1	M006-cluster	[M006-cluster]	86	M176	𛾍	7	P008205(gap1), P008985(gap3)
0.0813	3	1	M318	𜇩	16	M371	𜊩	85	P008490(gap1), P009030(gap3), P009030(gap3), P009252(gap1)
0.0812	22	1	M297	𜅸	203	M387	𜋾	362	P008075(gap1), P008172(gap2), P008189(gap1), P008259(gap2)
0.0811	2	2	M145	𛼙	32	M314	𜇏	19	P008085(gap2), P008338(gap3)
0.0810	8	1	M111	𛺑	48	M297	𜅸	203	P008046(gap2), P008162(gap1), P008162(gap3), P008555(gap1)
0.0808	2	1	M002	𛴾	34	M379	𜋊	18	P008182(gap1), P008183(gap1)
0.0806	2	1	M096	𛹜	44	M250	𜁺	14	P008061(gap1), P008061(gap1), P368489(gap1), P368489(gap3)
0.0806	3	1	M029	𛵷	22	M072	𛸧	63	P008082(gap2), P009253(gap2), P009253(gap1), P009356(gap3)
0.0806	3	1	M309	𜆽	42	M362	𜉮	33	P008283(gap1), P008283(gap2), P008295(gap2), P008295(gap1)
0.0806	2	3	M029	𛵷	22	M383	𜋜	28	P272825(gap3), P368481(gap3)
0.0806	4	1	M219	𜀈	29	M371	𜊩	85	P008069(gap1), P008319(gap2), P008366(gap1), P008958(gap3)
0.0805	4	1	M036	𛶎	95	M265	𜃓	26	P008334(gap1), P008783(gap1), P008783(gap2), P008919(gap1)
0.0804	3	1	M102	𛹬	41	M292	𜅊	34	P008349(gap1), P008349(gap1), P008788(gap1), P009043(gap2)
0.0803	12	1	M124	𛻃	207	M370	𜊛	108	P008043(gap1), P008043(gap3), P008043(gap1), P008043(gap3)
0.0802	3	1	M024	𛵮	35	M352	𜉕	40	P008085(gap3), P008144(gap1), P008144(gap3), P368486(gap2)
0.0801	2	1	M057	𛷶	89	M281	𜄖	7	P008059(gap2), P008064(gap1)
0.0801	2	1	M036+N14	𛶏	13	M111	𛺑	48	P008156(gap3), P008453(gap1)
0.0800	2	1	M101	𛹪	25	M348	𜉈	25	P008765(gap3), P008875(gap1)
0.0800	3	1	M136	𛻰	88	M252	𜂊	16	P008322(gap1), P008759(gap3), P009359(gap1)
0.0797	5	1	M111	𛺑	48	M354	𜉠	82	P008157(gap2), P008486(gap3), P008486(gap2), P008692(gap1)
0.0797	2	1	M072	𛸧	63	M369	𜊘	10	P008105(gap2), P009253(gap1)
0.0797	2	1	M125	𛻇	21	M175	𛽹	30	P008685(gap2), P009442(gap1)
0.0797	2	1	M024	𛵮	35	M295	𜅘	18	P008958(gap2), P009251(gap1)
0.0796	2	1	M066	𛸗	79	M372	𜊯	8	P008239(gap2), P009375(gap1)
0.0795	6	2	M009	𛵓	139	M102	𛹬	41	P008283(gap2), P008283(gap2), P008283(gap3), P008283(gap2)
0.0795	9	1	M046	𛷇	28	M288	𜄱	458	P008043(gap1), P008043(gap2), P008043(gap2), P008043(gap2)
0.0793	2	1	M003	𛵁	53	M193	𛾚	12	P008322(gap1), P008921(gap1)
0.0793	3	1	M003	𛵁	53	M051	𛷣	27	P008310(gap3), P008883(gap1), P009201(gap1)
0.0792	5	1	M157	𛽔	332	M218+M288	𜀀	12	P008019(gap2), P008019(gap3), P008044(gap1), P008182(gap1)
0.0792	4	1	M149	𛼰	44	M203	𛾳	58	P008015(gap1), P008154(gap2), P008811(gap1), P009035(gap1)
0.0791	2	1	M318	𜇩	16	M352	𜉕	40	P008060(gap2), P009177(gap1)
0.0791	2	1	M223	𜀕	16	M352	𜉕	40	P008444(gap2), P009048(gap1), P009048(gap2), P009048(gap2)
0.0791	2	2	M242	𜀺	16	M352	𜉕	40	P009089(gap3), P368486(gap2)
0.0788	3	1	M036+N39C	𛶙	4	M387	𜋾	362	P008274(gap1), P008274(gap1), P008350(gap3), P009012(gap1)
0.0788	3	1	M062	𛸐	4	M387	𜋾	362	P008426(gap2), P008426(gap1), P008525(gap1), P008880(gap3)
0.0788	13	1	M263	𜃁	134	M297	𜅸	203	P008002(gap1), P008002(gap3), P008182(gap1), P008345(gap3)
0.0786	3	2	M054	𛷪	182	M393	𜌘	8	P009209(gap2), P009283(gap2), P368483(gap3)
0.0785	6	1	M009	𛵓	139	M309	𜆽	42	P008283(gap3), P008283(gap3), P008283(gap3), P008283(gap2)
0.0785	7	1	M032	𛶃	56	M376	𜊽	142	P008099(gap1), P008119(gap2), P008154(gap2), P008154(gap3)
0.0784	2	1	M248	𜁨	13	M327	𜈙	50	P008541(gap1), P009049(gap3)
0.0784	7	1	M219	𜀈	29	M388	𜌓	275	P008110(gap1), P008136(gap3), P008351(gap3), P008366(gap1)
0.0783	2	2	M218	𛿺	163	M226	𜀞	4	P008069(gap3), P008979(gap2)
0.0783	2	1	M115	𛺴	4	M218	𛿺	163	P008081(gap1), P008428(gap1)
0.0783	8	1	M262	𜂼	38	M388	𜌓	275	P008067(gap2), P008110(gap3), P008110(gap1), P008175(gap1)
0.0782	6	1	M003	𛵁	53	M367	𜊊	111	P008381(gap1), P008776(gap3), P008902(gap1), P008902(gap2)
0.0781	6	1	M036+N30D	𛶔	48	M305	𜆡	123	P008137(gap1), P008137(gap3), P008137(gap1), P008137(gap1)
0.0781	6	1	M111	𛺑	48	M305	𜆡	123	P008959(gap1), P009004(gap3), P009227(gap3), P009227(gap1)
0.0780	3	1	M004	𛵅	37	M243	𜁃	40	P008636(gap1), P008987(gap3), P009373(gap2)
0.0779	4	1	M254	𜂔	31	M371	𜊩	85	P008081(gap1), P008122(gap2), P008271(gap1), P008477(gap1)
0.0779	5	1	M288	𜄱	458	M370+M072+M370	𜊝	9	P008043(gap2), P008043(gap1), P008100(gap2), P008105(gap2)
0.0779	4	1	M036+N14	𛶏	13	M297	𜅸	203	P008156(gap1), P008813(gap1), P008817(gap1), P008973(gap3)
0.0778	5	1	M006-cluster	[M006-cluster]	86	M365	𜊅	48	P008439(gap2), P008839(gap1), P009038(gap3), P009077(gap2)
0.0778	9	1	M004	𛵅	37	M387	𜋾	362	P008126(gap1), P008126(gap2), P008216(gap2), P008445(gap3)
0.0776	2	1	M024	𛵮	35	M296	𜅴	19	P008083(gap1), P009174(gap1)
0.0776	2	1	M024	𛵮	35	M314	𜇏	19	P008085(gap3), P008085(gap1), P234794(gap1)
0.0775	3	1	M206	𛾾	60	M348	𜉈	25	P008661(gap1), P009459(gap2), P234794(gap1)
0.0774	6	1	M124	𛻃	207	M131	𛻛	29	P008060(gap1), P008135(gap2), P008278(gap1), P008918(gap2)
0.0774	2	1	M219	𜀈	29	M386	𜋸	23	P008069(gap1), P008319(gap1)
0.0773	2	1	M036+N24	𛶐	5	M263	𜃁	134	P008297(gap2), P008297(gap1), P009303(gap1)
0.0772	2	1	M032	𛶃	56	M251	𜂁	12	P008085(gap1), P008085(gap2), P008490(gap1)
0.0771	7	1	M175	𛽹	30	M388	𜌓	275	P008296(gap1), P008429(gap1), P008432(gap1), P008532(gap2)
0.0769	4	1	M286	𜄭	22	M305	𜆡	123	P008308(gap1), P008797(gap1), P008806(gap1), P272827(gap1)
0.0767	2	1	M371	𜊩	85	M393	𜌘	8	P008944(gap3), P009283(gap1)
0.0767	2	2	M205	𛾸	20	M292	𜅊	34	P008981(gap3), P009214(gap2)
0.0766	5	2	M066	𛸗	79	M377	𜋀	54	P008164(gap2), P008371(gap2), P008516(gap2), P009467(gap2)
0.0763	4	1	M369	𜊘	10	M388	𜌓	275	P008105(gap1), P008105(gap2), P008105(gap1), P008448(gap2)
0.0762	2	2	M003	𛵁	53	M248	𜁨	13	P008343(gap2), P008894(gap2)
0.0761	4	1	M024	𛵮	35	M066	𛸗	79	P008083(gap3), P008144(gap3), P008144(gap1), P008958(gap1)
0.0759	2	2	M009	𛵓	139	M362+M059	𜉳	5	P008283(gap3), P008295(gap2), P008295(gap3)
0.0759	16	1	M157	𛽔	332	M263	𜃁	134	P008106(gap2), P008139(gap2), P008151(gap2), P008151(gap3)
0.0758	2	2	M247	𜁞	29	M317	𜇟	24	P008041(gap2), P008834(gap2)
0.0757	5	1	M054	𛷪	182	M317	𜇟	24	P008310(gap2), P008310(gap1), P008391(gap1), P008391(gap3)
0.0756	2	1	M101	𛹪	25	M146	𛼢	28	P008093(gap2), P008161(gap1)
0.0756	2	3	M105	𛹾	25	M383	𜋜	28	P008322(gap3), P008322(gap3), P272825(gap3)
0.0755	2	1	M051	𛷣	27	M207	𛿈	26	P008229(gap3), P009049(gap1)
0.0755	3	1	M066	𛸗	79	M097	𛹤	20	P008631(gap2), P009156(gap2), P009156(gap1), P009343(gap2)
0.0754	12	1	M059	𛸅	70	M387	𜋾	362	P008215(gap3), P008255(gap1), P008320(gap1), P008770(gap2)
0.0754	3	1	M136	𛻰	88	M379	𜋊	18	P008183(gap3), P008245(gap1), P008690(gap1)
0.0752	3	1	M003	𛵁	53	M175	𛽹	30	P008343(gap2), P008894(gap1), P368497(gap2)
0.0750	3	1	M209	𛿔	13	M305	𜆡	123	P008773(gap3), P008822(gap1), P009193(gap2)
0.0750	2	3	M066	𛸗	79	M370+M388+M370	𜊟	9	P008105(gap3), P009183(gap3)
0.0750	3	1	M001	𛴺	89	M033	𛶈	18	P008921(gap3), P008921(gap1), P009341(gap1), P009341(gap3)
0.0749	2	1	M254	𜂔	31	M259	𜂣	23	P008455(gap1), P008455(gap3), P009018(gap2)
0.0748	3	1	M251	𜂁	12	M263	𜃁	134	P008124(gap1), P008331(gap3), P009204(gap2)
0.0745	2	1	M243	𜁃	40	M379	𜋊	18	P008245(gap3), P009239(gap3), P009239(gap1)
0.0745	2	3	M175	𛽹	30	M317	𜇟	24	P008429(gap3), P272825(gap3)
0.0745	2	2	M210	𛿙	45	M328	𜈧	16	P008476(gap3), P008839(gap2)
0.0744	3	2	M297	𜅸	203	M393	𜌘	8	P008646(gap2), P009486(gap2), P368483(gap2)
0.0743	3	1	M218	𛿺	163	M381	𜋒	10	P008001(gap1), P008005(gap2), P008069(gap1)
0.0741	3	1	M054	𛷪	182	M370+M072+M370	𜊝	9	P008100(gap1), P008193(gap3), P009183(gap3)
0.0741	2	1	M054	𛷪	182	M175+M131	𛽻	4	P008105(gap3), P008432(gap1)
0.0741	2	1	M032	𛶃	56	M377+M377	𜋂	13	P008438(gap2), P009253(gap1)
0.0741	2	2	M054	𛷪	182	M447	𜌸	4	P008638(gap3), P008638(gap2), P008881(gap2)
0.0740	3	1	M003	𛵁	53	M122	𛺹	31	P008776(gap2), P008827(gap1), P008827(gap2), P009122(gap2)
0.0740	4	1	M260	𜂧	45	M269	𜃪	65	P008295(gap1), P008295(gap3), P008642(gap2), P009151(gap2)
0.0739	3	1	M106	𛺄	50	M362	𜉮	33	P008283(gap2), P008283(gap1), P008295(gap2), P008295(gap2)
0.0738	4	1	M218	𛿺	163	M295	𜅘	18	P008403(gap3), P008635(gap3), P008958(gap1), P009251(gap3)
0.0738	5	1	M371	𜊩	85	M377	𜋀	54	P008271(gap1), P009028(gap3), P009028(gap2), P009028(gap3)
0.0737	3	2	M124	𛻃	207	M370+M046+M370	𜊜	8	P008043(gap2), P008105(gap2), P008105(gap3), P008105(gap3)
0.0737	3	1	M073	𛸩	8	M124	𛻃	207	P008060(gap3), P008429(gap3), P008594(gap1)
0.0737	3	1	M124	𛻃	207	M312	𜇇	8	P008429(gap1), P008936(gap1), P009383(gap3)
0.0735	2	2	M010	𛵜	57	M291	𜅇	13	P008298(gap2), P008298(gap3), P008321(gap2)
0.0733	2	3	M240	𜀰	24	M254	𜂔	31	P008241(gap3), P008477(gap3)
0.0731	2	1	M195+M057	𛾥	22	M292	𜅊	34	P008727(gap1), P008730(gap1)
0.0730	3	2	M057	𛷶	89	M314	𜇏	19	P009199(gap2), P009262(gap2), P234794(gap3)
0.0728	2	1	M203	𛾳	58	M377+M377	𜋂	13	P009058(gap3), P009325(gap1)
0.0727	4	1	M285	𜄤	11	M388	𜌓	275	P009017(gap3), P009328(gap1), P234794(gap2), P234794(gap1)
0.0725	2	1	M036	𛶎	95	M312	𜇇	8	P008234(gap3), P008350(gap1)
0.0725	2	1	M036	𛶎	95	M298	𜆁	8	P008623(gap1), P008623(gap1), P368552(gap2)
0.0724	13	1	M057	𛷶	89	M387	𜋾	362	P008059(gap1), P008293(gap3), P008293(gap2), P008293(gap1)
0.0723	3	1	M102	𛹬	41	M309	𜆽	42	P008283(gap1), P008283(gap1), P008283(gap1), P008283(gap1)
0.0722	2	2	M373	𜊲	48	M380	𜋏	16	P008043(gap2), P009183(gap3)
0.0722	2	1	M103	𛹸	24	M145	𛼙	32	P008135(gap1), P008135(gap2), P498539(gap2)
0.0722	2	1	M036+N30D	𛶔	48	M223	𜀕	16	P008752(gap2), P008992(gap1)
0.0722	2	1	M328	𜈧	16	M365	𜊅	48	P008782(gap1), P008839(gap3)
0.0721	2	2	M059	𛸅	70	M061	𛸍	11	P008926(gap2), P008996(gap2)
0.0721	12	1	M124	𛻃	207	M263	𜃁	134	P008007(gap1), P008049(gap3), P008239(gap2), P008246(gap1)
0.0720	6	1	M009	𛵓	139	M106	𛺄	50	P008283(gap1), P008283(gap1), P008283(gap1), P008283(gap1)
0.0719	8	1	M009	𛵓	139	M057	𛷶	89	P008085(gap2), P008085(gap1), P008383(gap1), P008383(gap2)
0.0719	2	2	M006-cluster	[M006-cluster]	86	M370+M388+M370	𜊟	9	P008105(gap2), P009183(gap2), P009183(gap2)
0.0716	7	1	M006-cluster	[M006-cluster]	86	M367	𜊊	111	P008284(gap2), P008294(gap2), P008294(gap2), P008294(gap1)
0.0716	6	1	M057	𛷶	89	M066	𛸗	79	P008164(gap3), P008636(gap1), P008977(gap2), P009089(gap3)
0.0715	2	1	M246	𜁒	23	M292	𜅊	34	P008349(gap2), P008349(gap1), P008349(gap2), P008349(gap2)
0.0713	7	1	M131	𛻛	29	M157	𛽔	332	P008026(gap2), P008134(gap2), P008158(gap2), P008199(gap2)
0.0713	9	2	M036+N30D	𛶔	48	M157	𛽔	332	P008156(gap2), P008157(gap2), P008168(gap2), P008402(gap2)
0.0711	2	1	M149	𛼰	44	M323	𜈆	18	P008013(gap3), P008013(gap3), P008015(gap2), P008015(gap3)
0.0711	2	1	M096	𛹜	44	M295	𜅘	18	P008296(gap3), P008484(gap1)
0.0710	5	1	M004	𛵅	37	M263	𜃁	134	P008271(gap3), P008314(gap2), P008987(gap1), P009356(gap3)
0.0709	3	1	M032	𛶃	56	M145	𛼙	32	P008148(gap2), P008148(gap1), P008208(gap1), P008320(gap3)
0.0708	3	2	M218	𛿺	163	M285	𜄤	11	P008070(gap3), P008271(gap3), P009537(gap2), P009537(gap3)
0.0708	2	1	M038	𛶡	57	M080	𛹆	14	P008457(gap1), P008457(gap2), P009299(gap2)
0.0708	2	1	M038	𛶡	57	M158	𛽭	14	P008676(gap3), P008982(gap1)
0.0708	2	1	M056	𛷱	57	M417	𜌢	14	P008807(gap1), P008808(gap1)
0.0707	2	3	M205	𛾸	20	M325	𜈒	40	P008152(gap3), P008759(gap3)
0.0707	2	1	M057	𛷶	89	M310	𜇂	9	P008105(gap1), P008105(gap1), P009185(gap3)
0.0705	2	2	M263	𜃁	134	M305+M320	𜆯	6	P008122(gap2), P008635(gap2)
0.0705	2	2	M263	𜃁	134	M296+M296	𜅵	6	P008161(gap3), P008940(gap2)
0.0705	2	1	M263	𜃁	134	M294	𜅗	6	P008234(gap3), P008279(gap1)
0.0705	2	1	M175+M136	𛽽	6	M263	𜃁	134	P008279(gap1), P008323(gap1)
0.0705	2	1	M263	𜃁	134	M356	𜉡	6	P008417(gap3), P008626(gap1)
0.0704	2	1	M081	𛹌	31	M207	𛿈	26	P008315(gap1), P008315(gap2), P008315(gap3), P008315(gap1)
0.0704	2	1	M081	𛹌	31	M265	𜃓	26	P008617(gap1), P008976(gap1), P008976(gap2)
0.0704	5	1	M288	𜄱	458	M370+M388	𜊛𜌓	11	P008043(gap3), P008043(gap3), P008043(gap1), P008043(gap2)
0.0703	2	1	M210	𛿙	45	M323	𜈆	18	P008262(gap2), P008310(gap1)
0.0703	2	1	M051	𛷣	27	M175	𛽹	30	P008759(gap3), P272825(gap1)
0.0703	2	2	M316	𜇖	15	M377	𜋀	54	P009028(gap2), P009028(gap3), P368482(gap2)
0.0702	5	1	M158	𛽭	14	M387	𜋾	362	P008322(gap2), P008713(gap1), P008713(gap2), P008713(gap3)
0.0701	4	1	M097	𛹤	20	M218	𛿺	163	P008073(gap1), P008136(gap1), P009480(gap1), P009537(gap3)
0.0700	2	1	M112	𛺣	24	M292	𜅊	34	P009043(gap1), P009043(gap1), P009297(gap3)
0.0700	12	1	M124	𛻃	207	M376	𜊽	142	P008105(gap1), P008105(gap2), P008105(gap2), P008105(gap1)
0.0699	2	1	M072	𛸧	63	M291	𜅇	13	P008082(gap1), P008170(gap2), P008170(gap2), P008170(gap2)
0.0699	2	2	M072	𛸧	63	M377+M377	𜋂	13	P008310(gap3), P009253(gap2)
0.0698	3	1	M311	𜇄	13	M376	𜊽	142	P008015(gap2), P008015(gap1), P008099(gap1), P008143(gap2)
0.0697	22	1	M387	𜋾	362	M388	𜌓	275	P008003(gap3), P008003(gap2), P008022(gap2), P008108(gap1)
0.0695	7	1	M146	𛼢	28	M387	𜋾	362	P008093(gap2), P008161(gap3), P008438(gap1), P008636(gap1)
0.0695	3	1	M124	𛻃	207	M370+M072+M370	𜊝	9	P008043(gap3), P008043(gap1), P008043(gap3), P008043(gap2)
0.0695	3	1	M124	𛻃	207	M370+M388+M370	𜊟	9	P008043(gap3), P008104(gap1), P008105(gap2), P008105(gap2)
0.0695	2	2	M124	𛻃	207	M308	𜆻	4	P008105(gap3), P008105(gap2), P009257(gap3)
0.0695	2	1	M124	𛻃	207	M461	𜍄	4	P008188(gap2), P008408(gap1)
0.0695	4	1	M124	𛻃	207	M242	𜀺	16	P008408(gap2), P009257(gap3), P009257(gap1), P009370(gap2)
0.0694	8	1	M157	𛽔	332	M352	𜉕	40	P008012(gap3), P008060(gap2), P008085(gap2), P008136(gap2)
0.0693	14	1	M157	𛽔	332	M305	𜆡	123	P008004(gap3), P008024(gap3), P008032(gap2), P008042(gap1)
0.0693	3	1	M263	𜃁	134	M417	𜌢	14	P008293(gap1), P008689(gap1), P009321(gap2)
0.0691	15	1	M157	𛽔	332	M376	𜊽	142	P008015(gap2), P008099(gap3), P008119(gap2), P008143(gap1)
0.0690	2	1	M139	𛼌	21	M352	𜉕	40	P008012(gap1), P008012(gap3), P008784(gap1)
0.0690	4	1	M059	𛸅	70	M304	𜆛	48	P008259(gap2), P008471(gap3), P008970(gap3), P009162(gap1)
0.0690	3	1	M260	𜂧	45	M309	𜆽	42	P008283(gap2), P008283(gap1), P008283(gap2), P008283(gap2)
0.0690	11	1	M009	𛵓	139	M346	𜈽	183	P008106(gap2), P008117(gap2), P008244(gap1), P008439(gap1)
0.0689	3	2	M066	𛸗	79	M103	𛹸	24	P008138(gap2), P368483(gap3), P498539(gap3)
0.0688	5	1	M265	𜃓	26	M297	𜅸	203	P008189(gap2), P008899(gap3), P008976(gap2), P008976(gap1)
0.0686	5	1	M157	𛽔	332	M319	𜇳	16	P008001(gap1), P008015(gap1), P008099(gap1), P008141(gap1)
0.0686	2	2	M369	𜊘	10	M371	𜊩	85	P008105(gap3), P008958(gap2)
0.0686	2	1	M004	𛵅	37	M320	𜇶	23	P008445(gap1), P008448(gap1)
0.0685	5	1	M269	𜃪	65	M354	𜉠	82	P008760(gap1), P008760(gap3), P009037(gap2), P009060(gap2)
0.0685	3	1	M145	𛼙	32	M206	𛾾	60	P008208(gap1), P008208(gap3), P008320(gap1), P008320(gap2)
0.0683	6	1	M262	𜂼	38	M297	𜅸	203	P008110(gap1), P008141(gap3), P008141(gap1), P008182(gap3)
0.0683	5	1	M263	𜃁	134	M325	𜈒	40	P008060(gap1), P008060(gap2), P008119(gap3), P008239(gap3)
0.0682	3	1	M136	𛻰	88	M286	𜄭	22	P008769(gap1), P008806(gap1), P272827(gap3)
0.0681	3	1	M038	𛶡	57	M391	𜌗	34	P008013(gap1), P008152(gap1), P368507(gap2)
0.0681	3	1	M056	𛷱	57	M391	𜌗	34	P008020(gap1), P008020(gap1), P008020(gap3), P008020(gap3)
0.0681	3	1	M002	𛴾	34	M010	𛵜	57	P008279(gap1), P008279(gap3), P008313(gap1), P008313(gap1)
0.0681	7	1	M006-cluster	[M006-cluster]	86	M305	𜆡	123	P008137(gap1), P008137(gap3), P008813(gap1), P008817(gap1)
0.0680	2	1	M351+N14	𜉎	18	M373	𜊲	48	P008105(gap3), P008490(gap1), P008490(gap2)
0.0680	2	1	M033	𛶈	18	M036+N30D	𛶔	48	P008157(gap1), P009240(gap1), P009240(gap3)
0.0680	2	1	M033	𛶈	18	M111	𛺑	48	P008157(gap3), P009231(gap1)
0.0680	2	1	M328	𜈧	16	M377	𜋀	54	P008216(gap2), P008476(gap1)
0.0680	2	1	M036+N30D	𛶔	48	M379	𜋊	18	P008267(gap1), P009367(gap1)
0.0680	2	1	M111	𛺑	48	M323	𜈆	18	P009165(gap2), P009165(gap3), P009204(gap2), P009204(gap1)
0.0679	2	1	M046	𛷇	28	M254	𜂔	31	P008051(gap3), P008432(gap1)
0.0679	2	1	M146	𛼢	28	M254	𜂔	31	P008093(gap1), P008271(gap3)
0.0679	2	2	M122	𛺹	31	M383	𜋜	28	P008776(gap2), P009067(gap3)
0.0679	4	1	M009	𛵓	139	M101	𛹪	25	P008656(gap1), P008751(gap3), P008921(gap2), P008921(gap1)
0.0677	2	1	M048	𛷋	38	M259	𜂣	23	P008430(gap2), P009041(gap2), P009041(gap1), P009041(gap3)
0.0676	4	1	M059	𛸅	70	M327	𜈙	50	P008759(gap1), P008847(gap1), P008871(gap1), P008926(gap1)
0.0675	11	1	M203	𛾳	58	M288	𜄱	458	P008014(gap3), P008041(gap2), P008041(gap3), P008043(gap3)
0.0672	12	1	M136	𛻰	88	M387	𜋾	362	P008059(gap1), P008142(gap3), P008293(gap2), P008293(gap3)
0.0672	3	2	M157	𛽔	332	M175+M175	𛾁	6	P008058(gap3), P008140(gap3), P008672(gap2)
0.0672	6	1	M131	𛻛	29	M388	𜌓	275	P009026(gap1), P009185(gap2), P009203(gap2), P009203(gap3)
0.0671	3	1	M004	𛵅	37	M377	𜋀	54	P008053(gap1), P008216(gap1), P008448(gap1), P008448(gap1)
0.0671	16	1	M124	𛻃	207	M388	𜌓	275	P008104(gap3), P008105(gap2), P008105(gap3), P008105(gap3)
0.0670	3	1	M054	𛷪	182	M370+M388	𜊛𜌓	11	P008043(gap2), P008043(gap1), P008490(gap2), P009183(gap1)
0.0670	3	1	M053	𛷨	11	M054	𛷪	182	P008043(gap1), P008043(gap1), P008277(gap2), P008638(gap2)
0.0670	15	1	M054	𛷪	182	M388	𜌓	275	P008105(gap2), P008105(gap1), P008105(gap3), P008105(gap3)
0.0670	2	1	M057	𛷶	89	M369	𜊘	10	P008448(gap1), P009201(gap3)
0.0669	4	1	M131+M388	𛻜	13	M388	𜌓	275	P008585(gap2), P008634(gap3), P008907(gap3), P009288(gap1)
0.0668	7	1	M003	𛵁	53	M124	𛻃	207	P008043(gap2), P008043(gap1), P008043(gap3), P008343(gap1)
0.0667	8	1	M054	𛷪	182	M066	𛸗	79	P008391(gap3), P008391(gap1), P008538(gap2), P008621(gap3)
0.0667	2	1	M205	𛾸	20	M210	𛿙	45	P008759(gap1), P009143(gap1)
0.0666	5	1	M054	𛷪	182	M081	𛹌	31	P008537(gap2), P008881(gap3), P008927(gap1), P009362(gap2)
0.0666	4	2	M006-cluster	[M006-cluster]	86	M153	𛽆	42	P008812(gap2), P008815(gap3), P008957(gap3), P008957(gap2)
0.0663	3	3	M001	𛴺	89	M320	𜇶	23	P008018(gap3), P008790(gap3), P009383(gap3)
0.0663	3	1	M001	𛴺	89	M041	𛶹	23	P008617(gap2), P008753(gap1), P008790(gap1)
0.0662	3	1	M314	𜇏	19	M370	𜊛	108	P008318(gap3), P008318(gap1), P008318(gap3), P008408(gap1)
0.0662	2	1	M010	𛵜	57	M380	𜋏	16	P008387(gap2), P008405(gap1)
0.0662	4	1	M297	𜅸	203	M379	𜋊	18	P008182(gap2), P008712(gap1), P009239(gap1), P368517(gap1)
0.0661	2	2	M346	𜈽	183	M359	𜉨	5	P008145(gap2), P008840(gap2)
0.0661	5	1	M003	𛵁	53	M370	𜊛	108	P008043(gap2), P008318(gap3), P008318(gap1), P008318(gap1)
0.0660	2	1	M099	𛹧	17	M377	𜋀	54	P008112(gap1), P008416(gap3)
0.0659	2	1	M352	𜉕	40	M386	𜋸	23	P008049(gap1), P368486(gap3)
0.0659	3	1	M124	𛻃	207	M369	𜊘	10	P008105(gap1), P008105(gap1), P008105(gap2), P008958(gap2)
0.0659	2	1	M243	𜁃	40	M386	𜋸	23	P008245(gap1), P008979(gap2)
0.0659	3	1	M004	𛵅	37	M032	𛶃	56	P008148(gap3), P008448(gap1), P008448(gap3), P008448(gap1)
0.0659	16	1	M218	𛿺	163	M387	𜋾	362	P008010(gap1), P008069(gap2), P008085(gap2), P008172(gap3)
0.0658	4	1	M260	𜂧	45	M354	𜉠	82	P008259(gap3), P008259(gap1), P008259(gap1), P008259(gap2)
0.0658	4	1	M207	𛿈	26	M376	𜊽	142	P008143(gap1), P008143(gap2), P008149(gap1), P008149(gap1)
0.0657	5	1	M252	𜂊	16	M387	𜋾	362	P008320(gap3), P008320(gap1), P008759(gap3), P008759(gap3)
0.0657	5	2	M046	𛷇	28	M124	𛻃	207	P008043(gap3), P008043(gap2), P008043(gap2), P008043(gap2)
0.0656	8	1	M377	𜋀	54	M388	𜌓	275	P008053(gap2), P008082(gap3), P008112(gap1), P008164(gap1)
0.0655	5	1	M370	𜊛	108	M377	𜋀	54	P008043(gap3), P008164(gap1), P008742(gap1), P009183(gap2)
0.0654	2	1	M370+M388	𜊛𜌓	11	M371	𜊩	85	P008043(gap2), P008043(gap1), P008490(gap1), P008490(gap2)
0.0654	2	1	M371	𜊩	85	M390	𜌕	11	P008446(gap1), P009552(gap2), P009552(gap3)
0.0654	4	1	M096	𛹜	44	M371	𜊩	85	P008688(gap2), P009080(gap1), P009438(gap3), P009552(gap1)
0.0653	4	1	M218	𛿺	163	M320	𜇶	23	P008010(gap1), P008403(gap2), P008403(gap3), P009160(gap2)
0.0653	3	1	M149	𛼰	44	M373	𜊲	48	P008105(gap2), P008980(gap3), P008980(gap2), P009183(gap1)
0.0652	14	1	M009	𛵓	139	M157	𛽔	332	P008171(gap3), P008368(gap2), P008702(gap1), P008718(gap3)
0.0651	2	1	M102	𛹬	41	M246	𜁒	23	P008349(gap1), P008349(gap3), P008349(gap1), P009043(gap1)
0.0651	11	1	M006-cluster	[M006-cluster]	86	M157	𛽔	332	P008085(gap1), P008106(gap1), P008205(gap2), P008214(gap1)
0.0650	2	2	M006-cluster	[M006-cluster]	86	M370+M388	𜊛𜌓	11	P008105(gap2), P009183(gap3)
0.0650	2	1	M006-cluster	[M006-cluster]	86	M134	𛻦	11	P008617(gap3), P008985(gap1)
0.0650	2	1	M286	𜄭	22	M384	𜋨	43	P008759(gap1), P008806(gap3)
0.0649	8	1	M153	𛽆	42	M387	𜋾	362	P008003(gap2), P008093(gap1), P008865(gap2), P008865(gap3)
0.0645	3	1	M325	𜈒	40	M377	𜋀	54	P008082(gap3), P009296(gap1), P009376(gap1)
0.0645	3	2	M111	𛺑	48	M260	𜂧	45	P008453(gap2), P008694(gap3), P009165(gap3), P009165(gap2)
0.0645	3	1	M210	𛿙	45	M365	𜊅	48	P008759(gap2), P008839(gap1), P009077(gap2)
0.0645	2	1	M103	𛹸	24	M325	𜈒	40	P008119(gap3), P008119(gap1), P008152(gap1)
0.0645	2	1	M206	𛾾	60	M252	𜂊	16	P008288(gap2), P008288(gap1), P008288(gap1), P008288(gap1)
0.0645	2	2	M206	𛾾	60	M242	𜀺	16	P008353(gap3), P498539(gap2)
0.0645	2	1	M205	𛾸	20	M304	𜆛	48	P008970(gap1), P008981(gap1)
0.0645	8	1	M032	𛶃	56	M388	𜌓	275	P008185(gap3), P008185(gap2), P008185(gap1), P008185(gap3)
0.0645	3	1	M038	𛶡	57	M048	𛷋	38	P008756(gap1), P008982(gap1), P368507(gap1), P368507(gap1)
0.0644	5	1	M004	𛵅	37	M218	𛿺	163	P008081(gap2), P008431(gap2), P008906(gap1), P008974(gap1)
0.0644	3	2	M175+M136	𛽽	6	M387	𜋾	362	P008234(gap3), P008323(gap3), P008323(gap2), P008387(gap2)
0.0644	3	1	M261	𜂵	6	M387	𜋾	362	P008246(gap1), P008246(gap3), P008290(gap1), P008323(gap3)
0.0643	2	2	M153	𛽆	42	M340	𜈱	23	P008003(gap2), P009238(gap3)
0.0643	2	1	M153	𛽆	42	M320	𜇶	23	P008957(gap1), P009383(gap1), P009383(gap1)
0.0643	8	1	M054	𛷪	182	M371	𜊩	85	P008043(gap3), P008043(gap2), P008108(gap1), P008688(gap3)
0.0643	2	2	M134	𛻦	11	M136	𛻰	88	P008322(gap2), P009153(gap2)
0.0643	2	1	M136	𛻰	88	M382	𜋔	11	P008657(gap1), P008851(gap1)
0.0643	2	3	M029	𛵷	22	M096	𛹜	44	P008740(gap3), P368483(gap3)
0.0642	9	1	M054	𛷪	182	M370	𜊛	108	P008043(gap1), P008043(gap2), P008043(gap3), P008043(gap3)
0.0642	4	1	M219	𜀈	29	M263	𜃁	134	P008417(gap1), P008697(gap3), P008940(gap3), P008987(gap1)
0.0642	2	2	M295	𜅘	18	M377	𜋀	54	P008053(gap2), P009376(gap2)
0.0642	2	1	M310	𜇂	9	M370	𜊛	108	P008105(gap2), P008105(gap1), P009185(gap1)
0.0641	2	2	M009	𛵓	139	M351	𜉍	7	P008295(gap3), P008439(gap2)
0.0641	7	1	M057	𛷶	89	M263	𜃁	134	P008124(gap3), P008293(gap2), P008314(gap1), P008354(gap2)
0.0641	9	1	M009	𛵓	139	M376	𜊽	142	P008171(gap2), P008171(gap1), P008383(gap3), P008543(gap2)
0.0640	3	1	M372	𜊯	8	M388	𜌓	275	P008455(gap1), P008907(gap2), P009375(gap1)
0.0640	3	3	M105	𛹾	25	M136	𛻰	88	P008785(gap3), P008922(gap3), P272825(gap3)
0.0640	4	1	M218	𛿺	163	M347	𜉇	24	P008083(gap1), P008188(gap2), P008977(gap1), P368480(gap2)
0.0639	2	1	M001	𛴺	89	M134	𛻦	11	P008322(gap3), P008617(gap1)
0.0639	4	1	M057	𛷶	89	M096	𛹜	44	P008447(gap2), P008636(gap3), P008740(gap2), P008952(gap1)
0.0639	2	1	M001	𛴺	89	M152	𛽁	11	P008479(gap2), P009468(gap1)
0.0639	2	1	M075	𛸳	35	M383	𜋜	28	P008776(gap3), P008961(gap1)
0.0639	11	1	M054	𛷪	182	M218	𛿺	163	P008043(gap1), P008105(gap3), P008105(gap1), P008105(gap1)
0.0638	3	2	M269	𜃪	65	M292	𜅊	34	P008349(gap3), P008349(gap3), P008788(gap2), P009043(gap3)
0.0638	4	1	M304	𜆛	48	M354	𜉠	82	P008157(gap3), P008259(gap1), P008259(gap3), P008922(gap3)
0.0637	2	3	M203	𛾳	58	M374	𜊴	17	P008015(gap3), P009013(gap3)
0.0635	15	1	M297	𜅸	203	M388	𜌓	275	P008104(gap2), P008110(gap2), P008110(gap2), P008162(gap2)
0.0633	10	1	M297	𜅸	203	M305	𜆡	123	P008308(gap1), P008308(gap3), P008431(gap3), P008557(gap1)
0.0633	2	1	M006	𛵉	9	M367	𜊊	111	P008294(gap2), P008294(gap2), P008294(gap2), P008294(gap2)
0.0632	2	1	M325	𜈒	40	M348	𜉈	25	P008273(gap1), P368490(gap2)
0.0632	2	1	M105	𛹾	25	M325	𜈒	40	P008316(gap1), P008322(gap2), P008322(gap2)
0.0632	5	1	M203	𛾳	58	M370	𜊛	108	P008043(gap1), P008077(gap1), P008193(gap1), P008193(gap2)
0.0630	2	1	M032	𛶃	56	M295	𜅘	18	P008085(gap2), P008085(gap1), P008634(gap3)
0.0630	2	1	M111	𛺑	48	M264	𜃋	21	P008305(gap1), P008305(gap1), P008551(gap2)
0.0630	2	2	M036+N30D	𛶔	48	M264	𜃋	21	P008551(gap2), P008691(gap3)
0.0629	2	1	M149	𛼰	44	M246	𜁒	23	P008013(gap1), P009043(gap3)
0.0628	6	1	M032	𛶃	56	M218	𛿺	163	P008081(gap2), P008338(gap3), P008346(gap3), P008428(gap1)
0.0628	2	2	M024	𛵮	35	M131	𛻛	29	P008271(gap2), P008278(gap2)
0.0627	8	1	M057	𛷶	89	M346	𜈽	183	P008012(gap1), P008378(gap3), P008454(gap1), P008454(gap1)
0.0627	9	1	M010	𛵜	57	M387	𜋾	362	P008279(gap3), P008279(gap1), P008279(gap3), P008279(gap1)
0.0626	2	1	M193	𛾚	12	M371	𜊩	85	P008004(gap1), P009537(gap1)
0.0626	2	1	M251	𜂁	12	M371	𜊩	85	P008069(gap1), P008490(gap3)
0.0626	2	1	M329	𜈩	12	M371	𜊩	85	P008495(gap1), P368480(gap2)
0.0625	3	1	M036+N30D	𛶔	48	M304	𜆛	48	P008157(gap1), P008923(gap2), P009155(gap1)
0.0624	5	1	M266	𜃞	14	M288	𜄱	458	P008270(gap2), P008275(gap2), P008369(gap1), P008456(gap3)
0.0624	2	2	M038	𛶡	57	M295	𜅘	18	P008085(gap2), P008427(gap2)
0.0624	2	2	M038	𛶡	57	M323	𜈆	18	P008262(gap3), P009192(gap2)
0.0624	12	1	M054	𛷪	182	M297	𜅸	203	P008002(gap1), P008002(gap1), P008043(gap2), P008105(gap3)
0.0623	16	1	M054	𛷪	182	M387	𜋾	362	P008108(gap3), P008170(gap2), P008170(gap2), P008310(gap2)
0.0623	4	1	M288	𜄱	458	M370+M388+M370	𜊟	9	P008104(gap2), P008105(gap1), P008105(gap3), P008105(gap2)
0.0623	3	2	M203	𛾳	58	M325	𜈒	40	P008119(gap2), P008119(gap2), P008759(gap3), P009035(gap2)
0.0623	2	3	M006-cluster	[M006-cluster]	86	M251	𜂁	12	P008085(gap3), P008124(gap3)
0.0623	2	3	M006-cluster	[M006-cluster]	86	M329	𜈩	12	P008105(gap3), P008638(gap3)
0.0622	3	1	M157	𛽔	332	M305+M136	𜆨	7	P008991(gap1), P008995(gap1), P009206(gap2)
0.0619	10	1	M010	𛵜	57	M288	𜄱	458	P008252(gap1), P008252(gap3), P008270(gap1), P008350(gap1)
0.0618	6	1	M265	𜃓	26	M387	𜋾	362	P008189(gap3), P008525(gap1), P008535(gap2), P008919(gap2)
0.0617	2	1	M217	𛿯	25	M309	𜆽	42	P008612(gap2), P008612(gap1), P009343(gap2)
0.0617	2	2	M059	𛸅	70	M316	𜇖	15	P008689(gap2), P009152(gap3)
0.0615	2	1	M136	𛻰	88	M193	𛾚	12	P008273(gap1), P008322(gap2)
0.0613	4	1	M175	𛽹	30	M376	𜊽	142	P008008(gap1), P008429(gap2), P008432(gap3), P009442(gap3)
0.0613	2	2	M102	𛹬	41	M136+M365	𛻳	26	P008788(gap2), P009043(gap3)
0.0613	2	1	M180	𛾑	13	M354	𜉠	82	P009037(gap3), P009037(gap1), P009037(gap2), P009197(gap1)
0.0612	4	1	M001	𛴺	89	M365	𜊅	48	P008243(gap1), P009027(gap3), P009376(gap2), P009442(gap2)
0.0612	2	1	M057	𛷶	89	M230	𜀮	12	P009178(gap1), P009178(gap2), P009257(gap2)
0.0612	6	1	M024	𛵮	35	M388	𜌓	275	P008221(gap1), P008958(gap2), P009317(gap3), P009467(gap3)
0.0611	3	1	M033	𛶈	18	M263	𜃁	134	P008004(gap1), P008271(gap1), P009321(gap3)
0.0611	3	2	M263	𜃁	134	M379	𜋊	18	P008182(gap3), P008690(gap2), P008690(gap3), P368517(gap2)
0.0611	2	1	M263	𜃁	134	M312	𜇇	8	P008350(gap1), P008350(gap3), P008354(gap3)
0.0610	16	1	M124	𛻃	207	M157	𛽔	332	P008006(gap1), P008010(gap1), P008049(gap2), P008060(gap1)
0.0609	2	2	M210	𛿙	45	M317	𜇟	24	P008759(gap3), P008759(gap2), P009357(gap2)
0.0609	2	1	M051	𛷣	27	M243	𜁃	40	P009030(gap3), P009239(gap1)
0.0608	6	1	M297	𜅸	203	M304	𜆛	48	P008162(gap1), P008923(gap3), P008998(gap1), P008998(gap2)
0.0607	7	1	M157	𛽔	332	M325	𜈒	40	P008027(gap1), P008038(gap1), P008759(gap2), P008759(gap3)
0.0607	2	1	M024	𛵮	35	M254	𜂔	31	P008051(gap1), P008081(gap2)
0.0607	2	1	M075	𛸳	35	M122	𛺹	31	P008776(gap1), P009107(gap3)
0.0607	3	1	M286	𜄭	22	M367	𜊊	111	P008223(gap2), P008641(gap1), P008641(gap2), P009490(gap2)
0.0607	4	1	M193	𛾚	12	M387	𜋾	362	P008004(gap3), P008004(gap2), P008108(gap2), P008108(gap1)
0.0606	3	1	M066	𛸗	79	M254	𜂔	31	P008098(gap1), P008122(gap1), P008122(gap1), P008977(gap3)
0.0606	3	1	M059	𛸅	70	M075	𛸳	35	P008215(gap2), P008215(gap1), P008215(gap1), P008215(gap2)
0.0605	15	1	M263	𜃁	134	M288	𜄱	458	P008070(gap2), P008081(gap2), P008092(gap2), P008144(gap2)
0.0605	2	1	M054	𛷪	182	M268	𜃦	6	P008233(gap1), P008558(gap1)
0.0605	2	1	M207	𛿈	26	M309	𜆽	42	P008283(gap1), P008638(gap1)
0.0605	3	1	M102	𛹬	41	M206	𛾾	60	P008283(gap1), P008283(gap1), P008283(gap1), P008283(gap1)
0.0604	3	1	M032	𛶃	56	M149	𛼰	44	P008119(gap3), P008154(gap1), P009005(gap1)
0.0603	2	1	M109	𛺌	4	M388	𜌓	275	P008082(gap1), P008552(gap1)
0.0603	2	1	M177	𛾏	4	M388	𜌓	275	P008236(gap1), P009443(gap2)
0.0603	2	1	M029	𛵷	22	M327	𜈙	50	P008621(gap2), P368483(gap1)
0.0602	3	1	M124	𛻃	207	M251	𜂁	12	P008490(gap2), P008666(gap3), P009257(gap1), P009257(gap3)
0.0602	2	1	M304	𜆛	48	M340	𜈱	23	P008162(gap1), P008923(gap1)
0.0602	2	3	M111	𛺑	48	M340	𜈱	23	P008162(gap3), P008692(gap3)
0.0602	2	1	M246	𜁒	23	M365	𜊅	48	P008404(gap1), P009384(gap1)
0.0602	2	1	M259	𜂣	23	M304	𜆛	48	P008442(gap1), P009338(gap1)
0.0602	2	1	M036+N30D	𛶔	48	M340	𜈱	23	P008923(gap1), P009355(gap3), P009355(gap1)
0.0602	2	1	M311	𜇄	13	M371	𜊩	85	P008084(gap1), P008477(gap3)
0.0602	2	1	M039	𛶭	17	M269	𜃪	65	P008156(gap1), P009424(gap2), P009424(gap2)
0.0602	2	1	M131+M388	𛻜	13	M371	𜊩	85	P008648(gap1), P009252(gap3)
0.0600	4	1	M009	𛵓	139	M145	𛼙	32	P008085(gap2), P008135(gap1), P008320(gap2), P008960(gap1)
0.0598	2	2	M006-cluster	[M006-cluster]	86	M036+N14	𛶏	13	P008813(gap2), P008817(gap2)
0.0598	11	1	M305	𜆡	123	M388	𜌓	275	P008003(gap1), P008109(gap2), P008109(gap3), P008318(gap1)
0.0598	9	1	M009	𛵓	139	M218	𛿺	163	P008006(gap2), P008043(gap3), P008454(gap1), P008960(gap3)
0.0598	6	1	M288	𜄱	458	M327+M342	𜈟	22	P008031(gap2), P008624(gap2), P008754(gap2), P009251(gap2)
0.0598	3	2	M206	𛾾	60	M309	𜆽	42	P008283(gap2), P008283(gap3), P008283(gap2), P008283(gap2)
0.0598	2	1	M059	𛸅	70	M252	𜂊	16	P008320(gap2), P008320(gap2), P009359(gap1)
0.0598	2	2	M146	𛼢	28	M243	𜁃	40	P008636(gap3), P009156(gap2)
0.0596	2	1	M105	𛹾	25	M210	𛿙	45	P008322(gap1), P272825(gap3), P272825(gap1)
0.0594	3	1	M175	𛽹	30	M371	𜊩	85	P008408(gap1), P008532(gap2), P008688(gap3)
0.0594	3	1	M136	𛻰	88	M195	𛾢	29	P008604(gap1), P008650(gap1), P008806(gap1)
0.0593	2	3	M370+M046+M370	𜊜	8	M376	𜊽	142	P008105(gap3), P008490(gap3)
0.0593	2	1	M298	𜆁	8	M376	𜊽	142	P008269(gap1), P009005(gap1), P009005(gap2), P009005(gap3)
0.0592	4	1	M036	𛶎	95	M111	𛺑	48	P008046(gap3), P008046(gap1), P008046(gap1), P008919(gap3)
0.0592	2	1	M048	𛷋	38	M175	𛽹	30	P008221(gap3), P008221(gap1), P008688(gap2)
0.0591	2	1	M149	𛼰	44	M207	𛿈	26	P008013(gap2), P008315(gap1)
0.0591	3	1	M057	𛷶	89	M219	𜀈	29	P008136(gap1), P008940(gap3), P009288(gap1)
0.0590	2	1	M080	𛹆	14	M354	𜉠	82	P008692(gap3), P008692(gap1), P008692(gap1), P008692(gap2)
0.0589	2	1	M111	𛺑	48	M317	𜇟	24	P008041(gap1), P008617(gap2)
0.0589	2	1	M111	𛺑	48	M347	𜉇	24	P008041(gap3), P368480(gap1)
0.0589	2	1	M103	𛹸	24	M304	𜆛	48	P008940(gap1), P009338(gap2)
0.0589	2	1	M103	𛹸	24	M111	𛺑	48	P009004(gap1), P368480(gap2)
0.0588	2	2	M057	𛷶	89	M131+M388	𛻜	13	P008634(gap2), P009288(gap2)
0.0588	2	1	M001	𛴺	89	M377+M377	𜋂	13	P009253(gap3), P368490(gap1)
0.0587	3	1	M218	𛿺	163	M223	𜀕	16	P008101(gap1), P008101(gap3), P008444(gap2), P009067(gap3)
0.0587	5	1	M024	𛵮	35	M124	𛻃	207	P008006(gap1), P008081(gap1), P008081(gap3), P008278(gap1)
0.0587	2	1	M131	𛻛	29	M325	𜈒	40	P008060(gap1), P008345(gap3)
0.0586	4	1	M003	𛵁	53	M136	𛻰	88	P008183(gap1), P008322(gap1), P008343(gap3), P009153(gap3)
0.0585	4	1	M297	𜅸	203	M340	𜈱	23	P008003(gap1), P008162(gap2), P008923(gap2), P009200(gap3)
0.0585	4	1	M041	𛶹	23	M297	𜅸	203	P008043(gap1), P008179(gap3), P008753(gap2), P009083(gap3)
0.0585	5	1	M157	𛽔	332	M327+M342	𜈟	22	P008031(gap1), P008232(gap1), P008612(gap1), P009251(gap1)
0.0585	2	1	M207	𛿈	26	M210	𛿙	45	P008303(gap3), P008899(gap1)
0.0585	2	1	M136+M365	𛻳	26	M210	𛿙	45	P008759(gap1), P009153(gap2), P009153(gap1)
0.0584	16	1	M124	𛻃	207	M387	𜋾	362	P008010(gap3), P008010(gap1), P008193(gap1), P008207(gap1)
0.0584	5	1	M346	𜈽	183	M352	𜉕	40	P008012(gap2), P008378(gap1), P008398(gap1), P008439(gap3)
0.0584	3	1	M297	𜅸	203	M302	𜆌	13	P008003(gap1), P009203(gap3), P009279(gap1), P009279(gap3)
0.0583	4	1	M291	𜅇	13	M387	𜋾	362	P008170(gap1), P008170(gap3), P008170(gap3), P008170(gap1)
0.0582	4	1	M218	𛿺	163	M219	𜀈	29	P008085(gap1), P008136(gap3), P008196(gap1), P368504(gap1)
0.0581	3	2	M001	𛴺	89	M175	𛽹	30	P008894(gap2), P009442(gap3), P272825(gap3), P272825(gap2)
0.0580	4	1	M149	𛼰	44	M370	𜊛	108	P008105(gap1), P008490(gap1), P009183(gap1), P009183(gap3)
0.0580	2	1	M327+M342	𜈟	22	M377	𜋀	54	P009028(gap3), P368546(gap1)
0.0580	2	1	M250	𜁺	14	M371	𜊩	85	P008040(gap1), P009336(gap2)
0.0580	4	1	M041	𛶹	23	M124	𛻃	207	P008043(gap2), P008432(gap1), P008790(gap2), P009194(gap3)
0.0578	3	1	M124	𛻃	207	M332	𜈫	13	P008060(gap1), P008100(gap1), P008271(gap1)
0.0578	11	1	M066	𛸗	79	M288	𜄱	458	P008039(gap1), P008039(gap2), P008070(gap3), P008186(gap1)
0.0577	3	1	M206	𛾾	60	M260	𜂧	45	P008283(gap3), P008283(gap3), P008295(gap3), P008295(gap3)
0.0577	2	1	M105	𛹾	25	M365	𜊅	48	P008322(gap3), P008322(gap1), P008785(gap1)
0.0577	2	1	M103	𛹸	24	M327	𜈙	50	P008621(gap3), P008621(gap1), P368483(gap2)
0.0577	2	1	M105	𛹾	25	M304	𜆛	48	P008922(gap2), P008922(gap2), P008933(gap1)
0.0577	4	1	M001	𛴺	89	M377	𜋀	54	P008634(gap2), P008742(gap2), P008822(gap1), P009376(gap1)
0.0576	2	3	M006-cluster	[M006-cluster]	86	M417	𜌢	14	P008689(gap3), P009020(gap3)
0.0574	3	1	M056	𛷱	57	M365	𜊅	48	P008016(gap3), P008016(gap3), P008186(gap2), P008611(gap1)
0.0573	4	1	M009	𛵓	139	M024	𛵮	35	P008006(gap3), P008085(gap1), P008085(gap3), P008960(gap3)
0.0573	5	1	M264	𜃋	21	M387	𜋾	362	P008189(gap3), P008189(gap2), P008292(gap2), P008292(gap1)
0.0573	2	1	M125	𛻇	21	M203	𛾳	58	P008779(gap1), P009044(gap1)
0.0573	7	1	M054	𛷪	182	M354	𜉠	82	P008486(gap1), P008486(gap3), P008694(gap3), P008694(gap1)
0.0573	2	1	M003	𛵁	53	M041	𛶹	23	P008432(gap1), P008883(gap1)
0.0573	2	1	M003	𛵁	53	M246	𜁒	23	P008740(gap1), P008836(gap2)
0.0572	2	1	M134	𛻦	11	M367	𜊊	111	P008322(gap1), P008381(gap2)
0.0572	5	1	M010	𛵜	57	M263	𜃁	134	P008279(gap2), P008279(gap2), P008279(gap2), P008279(gap2)
0.0570	2	2	M029	𛵷	22	M032	𛶃	56	P008081(gap2), P009253(gap2)
0.0570	3	2	M072	𛸧	63	M096	𛹜	44	P008193(gap2), P008242(gap2), P009438(gap2), P009438(gap2)
0.0569	3	2	M105	𛹾	25	M367	𜊊	111	P008322(gap2), P009386(gap2), P272825(gap3)
0.0568	2	1	M124	𛻃	207	M175+M136	𛽽	6	P008234(gap2), P008260(gap1)
0.0568	4	1	M124	𛻃	207	M240	𜀰	24	P008241(gap2), P008241(gap1), P008241(gap1), P008241(gap2)
0.0568	2	1	M049	𛷑	6	M124	𛻃	207	P008666(gap1), P009382(gap1)
0.0567	11	1	M054	𛷪	182	M124	𛻃	207	P008043(gap2), P008043(gap1), P008043(gap2), P008043(gap1)
0.0567	2	1	M050	𛷙	14	M057	𛷶	89	P008234(gap1), P008354(gap1)
0.0567	4	1	M001	𛴺	89	M032	𛶃	56	P008634(gap1), P008816(gap1), P008901(gap2), P008901(gap1)
0.0566	6	1	M122	𛺹	31	M387	𜋾	362	P008210(gap1), P008216(gap1), P009067(gap1), P009082(gap1)
0.0566	6	1	M081	𛹌	31	M387	𜋾	362	P008275(gap2), P008279(gap1), P008279(gap2), P008894(gap3)
0.0566	4	1	M006-cluster	[M006-cluster]	86	M203	𛾳	58	P008085(gap1), P008194(gap1), P008575(gap1), P008815(gap1)
0.0566	2	1	M195	𛾢	29	M384	𜋨	43	P008806(gap1), P008950(gap1)
0.0566	2	2	M207	𛿈	26	M365	𜊅	48	P008243(gap2), P009354(gap2)
0.0566	2	2	M111	𛺑	48	M265	𜃓	26	P008692(gap2), P008919(gap3)
0.0566	2	2	M136+M365	𛻳	26	M365	𜊅	48	P008759(gap3), P008759(gap3), P008759(gap2), P009027(gap2)
0.0566	9	1	M009	𛵓	139	M054	𛷪	182	P008043(gap2), P008244(gap1), P008439(gap2), P008642(gap1)
0.0566	2	1	M101	𛹪	25	M106	𛺄	50	P008322(gap1), P009383(gap2), P009383(gap3)
0.0566	2	1	M327	𜈙	50	M348	𜉈	25	P008768(gap1), P008913(gap2)
0.0565	3	1	M136	𛻰	88	M145	𛼙	32	P008320(gap1), P008736(gap1), P008785(gap1)
0.0565	5	1	M054	𛷪	182	M384	𜋨	43	P008316(gap1), P008486(gap2), P008845(gap3), P008931(gap1)
0.0565	5	1	M001	𛴺	89	M136	𛻰	88	P008079(gap2), P008106(gap2), P008322(gap1), P008785(gap3)
0.0565	2	1	M056	𛷱	57	M327+M342	𜈟	22	P008031(gap3), P008754(gap1), P008754(gap3)
0.0565	6	1	M157	𛽔	332	M391	𜌗	34	P008013(gap1), P008041(gap1), P008119(gap1), P008152(gap1)
0.0564	3	1	M305	𜆡	123	M320	𜇶	23	P008278(gap2), P008445(gap3), P009338(gap1)
0.0564	4	1	M249	𜁱	11	M288	𜄱	458	P008041(gap1), P008195(gap1), P009193(gap3), P009193(gap1)
0.0564	8	1	M096	𛹜	44	M288	𜄱	458	P008296(gap1), P008484(gap1), P008688(gap2), P008914(gap2)
0.0563	2	2	M072	𛸧	63	M205	𛾸	20	P008382(gap3), P009542(gap2)
0.0563	3	2	M050	𛷙	14	M297	𜅸	203	P008350(gap2), P009256(gap3), P009256(gap2), P009256(gap2)
0.0563	2	2	M066	𛸗	79	M223	𜀕	16	P008122(gap2), P008444(gap3)
0.0563	2	1	M066	𛸗	79	M242	𜀺	16	P008644(gap1), P009382(gap3)
0.0562	3	1	M057	𛷶	89	M145	𛼙	32	P008085(gap3), P008234(gap3), P009330(gap1)
0.0562	4	1	M050	𛷙	14	M387	𜋾	362	P008234(gap3), P008350(gap1), P009256(gap2), P009256(gap1)
0.0561	2	2	M003	𛵁	53	M317	𜇟	24	P008391(gap2), P009201(gap3)
0.0561	4	1	M048	𛷋	38	M263	𜃁	134	P008163(gap2), P008271(gap2), P008430(gap1), P008869(gap2)
0.0560	4	1	M136	𛻰	88	M203	𛾳	58	P008041(gap1), P008173(gap2), P008194(gap3), P008910(gap1)
0.0560	2	1	M203	𛾳	58	M321	𜇼	22	P008317(gap3), P009188(gap1)
0.0560	7	1	M006-cluster	[M006-cluster]	86	M054	𛷪	182	P008253(gap1), P008284(gap3), P008638(gap2), P008638(gap1)
0.0559	2	1	M346	𜈽	183	M351	𜉍	7	P008294(gap2), P008439(gap3), P008439(gap1)
0.0559	2	1	M176	𛾍	7	M346	𜈽	183	P008709(gap2), P009059(gap1)
0.0558	6	1	M010	𛵜	57	M297	𜅸	203	P008350(gap1), P008405(gap1), P008422(gap1), P008430(gap3)
0.0557	5	1	M096	𛹜	44	M346	𜈽	183	P008061(gap2), P008117(gap2), P008276(gap1), P009089(gap1)
0.0557	10	1	M001	𛴺	89	M387	𜋾	362	P008018(gap1), P008240(gap2), P008243(gap2), P008322(gap2)
0.0557	8	1	M038	𛶡	57	M387	𜋾	362	P008068(gap1), P008207(gap3), P008207(gap2), P008396(gap2)
0.0557	2	3	M175	𛽹	30	M384	𜋨	43	P008759(gap3), P008759(gap3), P008759(gap3), P009087(gap3)
0.0556	2	1	M262	𜂼	38	M292	𜅊	34	P008727(gap1), P008730(gap1)
0.0556	4	1	M124	𛻃	207	M217	𛿯	25	P008043(gap1), P008105(gap1), P009343(gap2), P009383(gap1)
0.0556	2	1	M329	𜈩	12	M370	𜊛	108	P008104(gap1), P008104(gap3), P008105(gap3), P008105(gap1)
0.0556	2	1	M036+N30D	𛶔	48	M051	𛷣	27	P008156(gap1), P009240(gap2)
0.0555	7	1	M157	𛽔	332	M304	𜆛	48	P008157(gap3), P008931(gap2), P008981(gap3), P008998(gap2)
0.0554	2	1	M254	𜂔	31	M309	𜆽	42	P008093(gap3), P008432(gap1)
0.0554	16	1	M054	𛷪	182	M288	𜄱	458	P008043(gap2), P008043(gap2), P008043(gap1), P008043(gap2)
0.0554	2	2	M218	𛿺	163	M370+M072	𜊛𛸧	8	P008043(gap2), P008105(gap2)
0.0553	3	1	M036	𛶎	95	M081	𛹌	31	P008279(gap3), P008279(gap3), P008293(gap1), P008293(gap1)
0.0553	3	1	M029	𛵷	22	M263	𜃁	134	P008081(gap3), P008689(gap1), P009356(gap1)
0.0552	2	2	M010	𛵜	57	M259	𜂣	23	P008234(gap3), P008442(gap2)
0.0552	3	1	M103	𛹸	24	M305	𜆡	123	P008135(gap1), P009338(gap2), P368478(gap1), P368478(gap2)
0.0552	6	1	M009	𛵓	139	M371	𜊩	85	P008532(gap1), P008543(gap1), P009028(gap1), P009028(gap2)
0.0551	5	1	M288	𜄱	458	M295	𜅘	18	P008057(gap3), P008057(gap2), P008057(gap1), P008427(gap1)
0.0550	2	1	M096	𛹜	44	M175	𛽹	30	P008296(gap3), P008688(gap1)
0.0550	6	1	M269	𜃪	65	M346	𜈽	183	P008359(gap2), P008370(gap1), P008439(gap2), P008439(gap2)
0.0550	7	1	M001	𛴺	89	M054	𛷪	182	P008322(gap1), P008863(gap1), P008863(gap1), P008863(gap1)
0.0549	2	1	M003	𛵁	53	M105	𛹾	25	P008322(gap1), P008322(gap2), P008322(gap1), P008322(gap1)
0.0549	2	2	M003	𛵁	53	M101	𛹪	25	P008751(gap2), P008921(gap3)
0.0549	6	1	M001	𛴺	89	M263	𜃁	134	P008106(gap1), P008119(gap3), P008479(gap3), P008551(gap2)
0.0549	2	1	M157	𛽔	332	M157+M288	𛽟	4	P008094(gap1), P008151(gap1)
0.0549	2	1	M157	𛽔	332	M177	𛾏	4	P008236(gap2), P009207(gap1)
0.0548	2	2	M036	𛶎	95	M050	𛷙	14	P008178(gap2), P008234(gap2)
0.0548	2	1	M203	𛾳	58	M340	𜈱	23	P008085(gap1), P009224(gap2)
0.0548	3	1	M048	𛷋	38	M066	𛸗	79	P008014(gap3), P008432(gap2), P008433(gap1)
0.0547	3	1	M059	𛸅	70	M384	𜋨	43	P008829(gap1), P008931(gap2), P008931(gap3), P009152(gap2)
0.0546	4	1	M263	𜃁	134	M352	𜉕	40	P008049(gap2), P008784(gap1), P009002(gap1), P009376(gap2)
0.0546	2	2	M066	𛸗	79	M099	𛹧	17	P008164(gap2), P008906(gap3)
0.0546	2	1	M111	𛺑	48	M146	𛼢	28	P008041(gap2), P008157(gap1)
0.0546	2	1	M111	𛺑	48	M383	𜋜	28	P008046(gap2), P008826(gap1)
0.0546	2	1	M032	𛶃	56	M103	𛹸	24	P008114(gap1), P008663(gap2)
0.0546	2	2	M036+N30D	𛶔	48	M146	𛼢	28	P008157(gap3), P009280(gap2)
0.0546	2	2	M146	𛼢	28	M304	𜆛	48	P008157(gap2), P008970(gap2)
0.0546	2	1	M304	𜆛	48	M383	𜋜	28	P008471(gap1), P008826(gap2)
0.0546	3	1	M032	𛶃	56	M377	𜋀	54	P008065(gap3), P008448(gap2), P008634(gap1)
0.0545	3	1	M377+M320+M377	𜋁	11	M388	𜌓	275	P008346(gap1), P008789(gap1), P009443(gap3)
0.0545	11	1	M057	𛷶	89	M288	𜄱	458	P008100(gap3), P008100(gap1), P008100(gap3), P008105(gap1)
0.0544	2	1	M348	𜉈	25	M377	𜋀	54	P008661(gap2), P008661(gap1), P368546(gap1), P368546(gap3)
0.0544	2	2	M105	𛹾	25	M377	𜋀	54	P008785(gap3), P272825(gap2), P272825(gap2)
0.0544	2	1	M305	𜆡	123	M382	𜋔	11	P008278(gap1), P009193(gap3)
0.0544	2	2	M102	𛹬	41	M362	𜉮	33	P008283(gap2), P008283(gap3), P008295(gap3), P008295(gap2)
0.0542	2	3	M242	𜀺	16	M371	𜊩	85	P008408(gap3), P009370(gap3)
0.0541	8	1	M218	𛿺	163	M263	𜃁	134	P008049(gap1), P008049(gap3), P008070(gap1), P008081(gap1)
0.0540	3	1	M263	𜃁	134	M386	𜋸	23	P008049(gap1), P008441(gap2), P008441(gap3), P009356(gap1)
0.0540	4	1	M218+M288	𜀀	12	M288	𜄱	458	P008019(gap3), P008019(gap2), P008990(gap2), P009127(gap3)
0.0540	2	1	M256	𜂟	3	M288	𜄱	458	P008427(gap2), P368507(gap1), P368507(gap3)
0.0540	12	1	M288	𜄱	458	M370	𜊛	108	P008043(gap3), P008043(gap1), P008043(gap2), P008043(gap2)
0.0539	4	1	M097	𛹤	20	M388	𜌓	275	P008108(gap2), P008108(gap3), P008631(gap1), P008740(gap1)
0.0539	2	1	M222	𜀓	5	M388	𜌓	275	P008532(gap1), P009466(gap1), P009466(gap2), P009466(gap3)
0.0539	2	2	M006-cluster	[M006-cluster]	86	M252	𜂊	16	P008288(gap3), P008288(gap2), P008482(gap2)
0.0538	3	1	M001	𛴺	89	M075	𛸳	35	P008018(gap1), P008021(gap3), P009027(gap2)
0.0538	3	2	M024	𛵮	35	M057	𛷶	89	P008085(gap2), P008144(gap3), P008447(gap2)
0.0536	2	2	M203	𛾳	58	M347	𜉇	24	P008126(gap3), P368479(gap2)
0.0535	5	1	M054	𛷪	182	M365	𜊅	48	P008664(gap1), P008894(gap3), P009040(gap1), P009077(gap1)
0.0535	2	1	M106	𛺄	50	M383	𜋜	28	P008322(gap1), P008788(gap3)
0.0535	2	2	M059	𛸅	70	M205	𛾸	20	P008759(gap2), P008970(gap2)
0.0535	2	1	M059	𛸅	70	M147	𛼫	20	P008759(gap3), P009153(gap1)
0.0535	2	1	M024	𛵮	35	M243	𜁃	40	P009196(gap1), P009373(gap1)
0.0533	6	1	M024	𛵮	35	M387	𜋾	362	P008085(gap2), P008960(gap1), P009174(gap2), P009373(gap3)
0.0533	2	1	M145	𛼙	32	M149	𛼰	44	P008281(gap1), P008315(gap1), P008315(gap2), P008315(gap1)
0.0533	2	1	M136	𛻰	88	M328	𜈧	16	P008322(gap2), P008322(gap1), P008839(gap1)
0.0532	4	1	M157	𛽔	332	M301	𜆄	17	P008089(gap1), P008141(gap3), P008631(gap1), P008997(gap2)
0.0532	9	1	M066	𛸗	79	M387	𜋾	362	P008355(gap3), P008431(gap1), P008566(gap2), P008636(gap2)
0.0531	7	1	M036+N30D	𛶔	48	M387	𜋾	362	P008165(gap1), P008168(gap1), P008275(gap2), P008331(gap2)
0.0531	2	1	M176	𛾍	7	M297	𜅸	203	P008707(gap1), P008709(gap3), P008709(gap1)
0.0530	3	1	M047	𛷊	7	M288	𜄱	458	P008252(gap1), P008339(gap1), P009225(gap1), P009225(gap1)
0.0530	2	3	M038	𛶡	57	M217	𛿯	25	P008014(gap3), P008457(gap3)
0.0530	7	1	M006-cluster	[M006-cluster]	86	M297	𜅸	203	P008530(gap1), P008813(gap3), P008817(gap3), P008847(gap2)
0.0529	2	1	M153	𛽆	42	M292	𜅊	34	P008629(gap1), P008812(gap1)
0.0528	3	1	M002	𛴾	34	M036	𛶎	95	P008139(gap3), P008279(gap1), P008279(gap3), P008279(gap1)
0.0528	3	1	M262	𜂼	38	M371	𜊩	85	P008688(gap1), P009552(gap2), P368480(gap1)
0.0528	7	1	M218	𛿺	163	M370	𜊛	108	P008043(gap1), P008043(gap2), P008048(gap1), P008432(gap1)
0.0526	3	1	M297	𜅸	203	M380	𜋏	16	P008021(gap2), P008021(gap2), P008405(gap2), P008996(gap1)
0.0526	3	2	M032	𛶃	56	M203	𛾳	58	P008085(gap3), P008119(gap3), P008317(gap2)
0.0526	2	2	M099	𛹧	17	M371	𜊩	85	P008161(gap3), P008543(gap2)
0.0526	8	1	M218	𛿺	163	M376	𜊽	142	P008008(gap1), P008008(gap2), P008051(gap2), P008346(gap2)
0.0526	4	1	M380	𜋏	16	M387	𜋾	362	P008053(gap2), P008207(gap2), P008207(gap3), P008274(gap2)
0.0525	6	1	M072	𛸧	63	M124	𛻃	207	P008043(gap3), P008043(gap1), P008043(gap3), P008043(gap3)
0.0525	2	1	M041	𛶹	23	M072	𛸧	63	P008043(gap3), P009459(gap1)
0.0525	4	2	M124	𛻃	207	M146	𛼢	28	P008084(gap2), P008271(gap2), P008970(gap3), P008970(gap2)
0.0525	3	1	M246	𜁒	23	M376	𜊽	142	P008702(gap1), P008702(gap3), P008836(gap1), P008837(gap1)
0.0524	3	1	M054	𛷪	182	M351+N14	𜉎	18	P008105(gap2), P008105(gap1), P008863(gap3), P008863(gap1)
0.0524	3	2	M054	𛷪	182	M323	𜈆	18	P008310(gap2), P008310(gap2), P008919(gap3), P009154(gap3)
0.0524	2	2	M054	𛷪	182	M144	𛼗	8	P008330(gap2), P008342(gap2)
0.0524	2	1	M054	𛷪	182	M214	𛿧	8	P008432(gap1), P009086(gap3)
0.0524	5	1	M124	𛻃	207	M149	𛼰	44	P008105(gap2), P008105(gap3), P008105(gap1), P008105(gap1)
0.0523	3	1	M004	𛵅	37	M057	𛷶	89	P008314(gap3), P008448(gap1), P008448(gap3), P008906(gap2)
0.0522	9	1	M354	𜉠	82	M387	𜋾	362	P008003(gap3), P008003(gap1), P008168(gap3), P008172(gap1)
0.0522	9	1	M370	𜊛	108	M388	𜌓	275	P008104(gap3), P008104(gap1), P008164(gap2), P008318(gap2)
0.0522	2	3	M195+M038	𛾣	9	M218	𛿺	163	P008019(gap3), P008039(gap3)
0.0522	5	1	M370	𜊛	108	M371	𜊩	85	P008040(gap1), P008043(gap1), P008043(gap3), P008043(gap2)
0.0522	3	2	M056	𛷱	57	M203	𛾳	58	P008041(gap2), P008194(gap2), P008811(gap2)
0.0521	4	1	M247	𜁞	29	M297	𜅸	203	P008486(gap1), P009083(gap1), P009164(gap3), P009164(gap1)
0.0521	3	1	M124	𛻃	207	M380	𜋏	16	P008043(gap1), P008084(gap1), P008207(gap2)
0.0521	3	1	M124	𛻃	207	M318	𜇩	16	P008060(gap3), P008060(gap2), P008296(gap3), P008490(gap3)
0.0521	2	1	M263	𜃁	134	M382	𜋔	11	P008278(gap1), P008987(gap2)
0.0521	2	1	M305	𜆡	123	M329	𜈩	12	P008115(gap1), P368480(gap3)
0.0520	2	1	M038	𛶡	57	M207	𛿈	26	P008013(gap3), P008315(gap2), P008315(gap1)
0.0519	3	1	M003	𛵁	53	M072	𛸧	63	P008310(gap2), P008310(gap3), P008310(gap2), P008902(gap2)
0.0519	2	1	M003	𛵁	53	M383	𜋜	28	P008322(gap1), P008322(gap2), P009153(gap3)
0.0519	2	2	M003	𛵁	53	M046	𛷇	28	P008432(gap3), P009201(gap2)
0.0517	2	2	M246	𜁒	23	M269	𜃪	65	P008349(gap2), P009043(gap3)
0.0517	2	1	M039	𛶭	17	M136	𛻰	88	P008173(gap1), P008916(gap2), P008916(gap1)
0.0517	2	1	M096	𛹜	44	M391	𜌗	34	P009089(gap2), P368593(gap1)
0.0516	4	1	M124	𛻃	207	M219	𜀈	29	P008351(gap2), P008351(gap1), P008351(gap1), P008351(gap2)
0.0516	2	1	M066	𛸗	79	M296	𜅴	19	P008014(gap1), P008083(gap2)
0.0516	3	1	M048	𛷋	38	M057	𛷶	89	P008103(gap1), P008136(gap2), P008447(gap1)
0.0516	12	1	M157	𛽔	332	M218	𛿺	163	P008005(gap3), P008006(gap3), P008010(gap3), P008181(gap2)
0.0515	5	1	M136+M365	𛻳	26	M387	𜋾	362	P008302(gap1), P008759(gap2), P008766(gap1), P008968(gap2)
0.0515	4	1	M260	𜂧	45	M263	𜃁	134	P008453(gap1), P008612(gap3), P008946(gap1), P009000(gap1)
0.0515	2	2	M136+M365	𛻳	26	M203	𛾳	58	P008759(gap3), P008779(gap2)
0.0514	2	1	M146	𛼢	28	M377	𜋀	54	P008271(gap2), P008271(gap1), P008271(gap3), P009434(gap1)
0.0514	5	1	M203	𛾳	58	M218	𛿺	163	P008077(gap3), P008085(gap2), P009013(gap3), P009013(gap2)
0.0514	2	1	M001	𛴺	89	M099	𛹧	17	P008337(gap1), P009490(gap2)
0.0513	9	1	M371	𜊩	85	M387	𜋾	362	P008004(gap3), P008040(gap3), P008108(gap2), P008161(gap1)
0.0513	2	1	M048	𛷋	38	M352	𜉕	40	P008136(gap1), P008600(gap3)
0.0513	3	2	M125	𛻇	21	M218	𛿺	163	P008495(gap3), P009017(gap3), P009017(gap2), P009161(gap2)
0.0511	2	1	M009	𛵓	139	M377+M320+M377	𜋁	11	P008216(gap2), P008861(gap1)
0.0511	2	3	M009	𛵓	139	M382	𜋔	11	P008881(gap3), P009122(gap3)
0.0511	3	1	M297	𜅸	203	M301	𜆄	17	P008141(gap2), P008141(gap2), P008345(gap1), P008345(gap1)
0.0510	2	3	M145	𛼙	32	M365	𜊅	48	P008736(gap3), P008785(gap3)
0.0510	5	1	M139	𛼌	21	M288	𜄱	458	P008152(gap3), P008185(gap2), P008185(gap2), P008659(gap2)
0.0510	2	2	M024	𛵮	35	M096	𛹜	44	P008051(gap3), P008144(gap2), P008144(gap2)
0.0510	2	1	M059	𛸅	70	M286	𜄭	22	P008759(gap3), P009295(gap1)
0.0508	4	1	M124	𛻃	207	M175	𛽹	30	P008343(gap1), P008408(gap2), P008429(gap1), P008429(gap2)
0.0507	2	1	M367	𜊊	111	M417	𜌢	14	P008893(gap2), P008969(gap1)
0.0507	10	1	M288	𜄱	458	M371	𜊩	85	P008043(gap1), P008043(gap1), P008043(gap3), P008105(gap1)
0.0506	10	1	M370	𜊛	108	M387	𜋾	362	P008040(gap2), P008193(gap2), P008318(gap1), P008318(gap1)
0.0506	3	1	M124	𛻃	207	M374	𜊴	17	P008049(gap1), P008281(gap3), P008390(gap3), P008390(gap2)
0.0506	3	2	M136	𛻰	88	M325	𜈒	40	P008152(gap2), P008273(gap3), P008322(gap3), P008322(gap3)
0.0505	2	2	M131	𛻛	29	M377	𜋀	54	P008271(gap2), P272825(gap2)
0.0505	2	2	M219	𜀈	29	M377	𜋀	54	P009288(gap2), P368504(gap3)
0.0505	2	2	M032	𛶃	56	M146	𛼢	28	P008438(gap3), P008448(gap2)
0.0504	7	1	M157	𛽔	332	M203	𛾳	58	P008015(gap3), P008156(gap1), P008212(gap1), P008702(gap3)
0.0504	4	1	M122	𛺹	31	M297	𜅸	203	P008168(gap3), P008616(gap3), P008616(gap1), P008999(gap2)
0.0504	10	1	M006-cluster	[M006-cluster]	86	M288	𜄱	458	P008020(gap1), P008105(gap2), P008105(gap3), P008105(gap3)
0.0503	5	1	M346	𜈽	183	M377	𜋀	54	P008430(gap1), P008516(gap3), P008785(gap1), P272825(gap3)
0.0503	4	1	M320	𜇶	23	M388	𜌓	275	P008445(gap3), P008547(gap2), P009020(gap1), P009031(gap3)
0.0503	4	1	M340	𜈱	23	M388	𜌓	275	P009211(gap2), P009237(gap2), P009238(gap2), P009286(gap1)
0.0503	9	1	M059	𛸅	70	M288	𜄱	458	P008252(gap2), P008255(gap1), P008705(gap1), P008844(gap1)
0.0502	3	1	M131	𛻛	29	M305	𜆡	123	P008115(gap1), P008278(gap3), P272825(gap3)
0.0502	5	1	M124	𛻃	207	M373	𜊲	48	P008043(gap2), P008043(gap3), P008043(gap2), P008043(gap3)
0.0501	7	1	M377	𜋀	54	M387	𜋾	362	P008053(gap3), P008216(gap3), P008430(gap2), P008430(gap1)
0.0501	2	1	M153	𛽆	42	M262	𜂼	38	P008123(gap2), P008728(gap1)
0.0500	2	1	M302	𜆌	13	M305	𜆡	123	P008024(gap1), P008773(gap1)
0.0500	2	2	M001	𛴺	89	M295	𜅘	18	P008634(gap2), P009376(gap3)
0.0500	4	1	M106+M288	𛺄𜄱	14	M288	𜄱	458	P008047(gap1), P008047(gap2), P008047(gap2), P008047(gap1)
0.0500	8	1	M032	𛶃	56	M288	𜄱	458	P008081(gap3), P008185(gap1), P008185(gap2), P008346(gap1)
0.0499	4	1	M124	𛻃	207	M254	𜂔	31	P008081(gap3), P008081(gap1), P008241(gap1), P008241(gap2)
0.0499	3	1	M036	𛶎	95	M048	𛷋	38	P008234(gap2), P008234(gap3), P008430(gap1), P008756(gap1)
0.0499	7	1	M288	𜄱	458	M384	𜋨	43	P008252(gap2), P008369(gap3), P008510(gap2), P008666(gap2)
0.0499	2	3	M193	𛾚	12	M263	𜃁	134	P008004(gap3), P009049(gap3)
0.0499	2	2	M263	𜃁	134	M329	𜈩	12	P008081(gap2), P008108(gap2)
0.0499	4	1	M263	𜃁	134	M304	𜆛	48	P008190(gap2), P008940(gap2), P008946(gap2), P008946(gap1)
0.0499	4	1	M036+N30D	𛶔	48	M263	𜃁	134	P008331(gap3), P008350(gap3), P008551(gap1), P008691(gap1)
0.0499	2	2	M263	𜃁	134	M324	𜈌	12	P008690(gap3), P009245(gap2), P009245(gap3)
0.0499	3	1	M381	𜋒	10	M387	𜋾	362	P008069(gap2), P008069(gap3), P008348(gap1), P009077(gap2)
0.0498	10	1	M136	𛻰	88	M288	𜄱	458	P008041(gap3), P008041(gap2), P008041(gap3), P008152(gap2)
0.0498	2	2	M314	𜇏	19	M371	𜊩	85	P009262(gap3), P234794(gap2)
0.0496	3	2	M157	𛽔	332	M285	𜄤	11	P008069(gap3), P009017(gap2), P009018(gap3)
0.0496	3	1	M157	𛽔	332	M293	𜅒	11	P008619(gap3), P008982(gap1), P008995(gap2)
0.0496	3	1	M295	𜅘	18	M297	𜅸	203	P008296(gap3), P008296(gap1), P008403(gap1), P009015(gap2)
0.0496	2	1	M046	𛷇	28	M203	𛾳	58	P008043(gap2), P368479(gap1), P368479(gap3), P368479(gap1)
0.0496	2	1	M032	𛶃	56	M131	𛻛	29	P008201(gap1), P008278(gap2)
0.0496	2	1	M297	𜅸	203	M312	𜇇	8	P008350(gap2), P008350(gap3), P009011(gap1)
0.0496	5	1	M004	𛵅	37	M388	𜌓	275	P008053(gap1), P008109(gap1), P008271(gap2), P008314(gap1)
0.0496	3	1	M288	𜄱	458	M370+M072	𜊛𛸧	8	P008043(gap1), P008105(gap1), P008105(gap3), P008105(gap1)
0.0496	3	1	M288	𜄱	458	M370+M046+M370	𜊜	8	P008105(gap1), P008105(gap2), P008125(gap1), P008125(gap3)
0.0496	4	1	M379	𜋊	18	M387	𜋾	362	P008183(gap1), P008192(gap1), P008712(gap1), P008712(gap2)
0.0495	4	2	M003	𛵁	53	M305	𜆡	123	P008115(gap3), P008318(gap3), P008902(gap3), P008902(gap3)
0.0495	8	1	M038	𛶡	57	M288	𜄱	458	P008014(gap1), P008055(gap1), P008152(gap1), P008297(gap3)
0.0495	9	1	M218	𛿺	163	M297	𜅸	203	P008005(gap2), P008110(gap1), P008141(gap1), P008172(gap1)
0.0494	2	2	M054	𛷪	182	M370+M388+M370	𜊟	9	P008043(gap2), P368479(gap3)
0.0494	2	1	M054	𛷪	182	M277	𜄄	9	P008694(gap2), P008694(gap3), P009086(gap1)
0.0494	2	1	M072	𛸧	63	M207	𛿈	26	P009441(gap3), P009441(gap3), P009538(gap1)
0.0494	8	1	M066	𛸗	79	M157	𛽔	332	P008014(gap2), P008024(gap1), P008039(gap3), P008049(gap3)
0.0493	2	1	M006	𛵉	9	M346	𜈽	183	P008294(gap1), P008294(gap3), P008294(gap1), P008294(gap1)
0.0492	2	1	M151	𛼺	6	M388	𜌓	275	P008133(gap1), P008954(gap3)
0.0492	2	2	M305+M342	𜆲	6	M388	𜌓	275	P008314(gap3), P009185(gap2)
0.0492	2	1	M056	𛷱	57	M195	𛾢	29	P008806(gap2), P008888(gap1)
0.0492	2	2	M056	𛷱	57	M219	𜀈	29	P009525(gap3), P009527(gap2)
0.0491	2	3	M124	𛻃	207	M361	𜉪	8	P008207(gap3), P008894(gap3)
0.0491	2	1	M124	𛻃	207	M128	𛻌	8	P008260(gap1), P008318(gap1), P008318(gap2)
0.0491	2	1	M066	𛸗	79	M139	𛼌	21	P008040(gap1), P009382(gap3)
0.0491	4	1	M305	𜆡	123	M377	𜋀	54	P008371(gap3), P008476(gap1), P008822(gap3), P272825(gap1)
0.0490	11	1	M009	𛵓	139	M387	𜋾	362	P008068(gap1), P008108(gap2), P008108(gap1), P008117(gap3)
0.0490	3	2	M146	𛼢	28	M263	𜃁	134	P008271(gap2), P008438(gap3), P008635(gap3)
0.0490	4	1	M009	𛵓	139	M304	𜆛	48	P008642(gap1), P008827(gap1), P008921(gap1), P008931(gap1)
0.0490	2	3	M009	𛵓	139	M230	𜀮	12	P009252(gap3), P009257(gap3)
0.0489	2	1	M048	𛷋	38	M096	𛹜	44	P008447(gap1), P008688(gap3)
0.0489	2	3	M096	𛹜	44	M262	𜂼	38	P008688(gap3), P009552(gap3)
0.0489	2	2	M122	𛺹	31	M377	𜋀	54	P008216(gap2), P008634(gap2)
0.0488	5	1	M195	𛾢	29	M387	𜋾	362	P008210(gap1), P008604(gap2), P008650(gap2), P008806(gap3)
0.0488	2	1	M024	𛵮	35	M304	𜆛	48	P008259(gap1), P009537(gap3)
0.0488	2	2	M203	𛾳	58	M219	𜀈	29	P008077(gap2), P008085(gap3)
0.0487	3	1	M066	𛸗	79	M373	𜊲	48	P008105(gap1), P008391(gap1), P009160(gap1)
0.0487	5	1	M288	𜄱	458	M340	𜈱	23	P008195(gap1), P009190(gap1), P009211(gap1), P009237(gap1)
0.0487	3	1	M036	𛶎	95	M243	𜁃	40	P008234(gap1), P008331(gap2), P008987(gap1)
0.0487	5	1	M054	𛷪	182	M203	𛾳	58	P008043(gap3), P008043(gap3), P008043(gap1), P008043(gap3)
0.0487	6	1	M309	𜆽	42	M387	𜋾	362	P008093(gap2), P008348(gap2), P008348(gap1), P008394(gap1)
0.0485	2	2	M106	𛺄	50	M292	𜅊	34	P008349(gap2), P008349(gap2), P008788(gap3)
0.0485	2	1	M051	𛷣	27	M072	𛸧	63	P008310(gap2), P008310(gap1), P008310(gap1), P008310(gap3)
0.0485	8	1	M157	𛽔	332	M354	𜉠	82	P008619(gap2), P008692(gap3), P008694(gap3), P008715(gap1)
0.0485	2	1	M230	𜀮	12	M376	𜊽	142	P008681(gap1), P008681(gap1), P009252(gap2)
0.0484	3	1	M125	𛻇	21	M346	𜈽	183	P008299(gap1), P008299(gap1), P009125(gap2), P009125(gap1)
0.0484	2	1	M036	𛶎	95	M323	𜈆	18	P008919(gap2), P008919(gap1), P008919(gap2), P009204(gap1)
0.0483	3	1	M388	𜌓	275	M417	𜌢	14	P008765(gap1), P009020(gap2), P009321(gap1)
0.0482	2	2	M325	𜈒	40	M384	𜋨	43	P008316(gap2), P008759(gap3), P008759(gap3), P008759(gap2)
0.0482	2	2	M080	𛹆	14	M305	𜆡	123	P008123(gap3), P368478(gap2), P368478(gap2)
0.0482	2	1	M305	𜆡	123	M417	𜌢	14	P008808(gap2), P008809(gap1)
0.0481	4	1	M002	𛴾	34	M297	𜅸	203	P008182(gap1), P008189(gap1), P009000(gap1), P009000(gap3)
0.0481	2	1	M242	𜀺	16	M370	𜊛	108	P008077(gap3), P008408(gap1)
0.0481	6	1	M384	𜋨	43	M387	𜋾	362	P008369(gap1), P008694(gap3), P008806(gap2), P009107(gap1)
0.0480	3	1	M206	𛾾	60	M269	𜃪	65	P008283(gap1), P008283(gap3), P008283(gap2), P008283(gap3)
0.0480	5	1	M175	𛽹	30	M387	𜋾	362	P008292(gap2), P008296(gap1), P008894(gap1), P009442(gap2)
0.0479	6	1	M038	𛶡	57	M388	𜌓	275	P008056(gap1), P008167(gap1), P009192(gap1), P009466(gap2)
0.0479	2	1	M263	𜃁	134	M302	𜆌	13	P008119(gap1), P009279(gap2)
0.0479	2	2	M036+N14	𛶏	13	M263	𜃁	134	P008239(gap3), P008453(gap2)
0.0479	2	1	M248	𜁨	13	M263	𜃁	134	P008441(gap3), P008697(gap1)
0.0479	2	1	M263	𜃁	134	M291	𜅇	13	P008892(gap1), P009364(gap2)
0.0479	4	1	M139	𛼌	21	M157	𛽔	332	P008012(gap2), P008202(gap1), P008711(gap1), P272828(gap2)
0.0479	4	1	M157	𛽔	332	M264	𜃋	21	P008305(gap1), P008691(gap3), P008991(gap2), P008993(gap1)
0.0478	3	1	M036+N30D	𛶔	48	M354	𜉠	82	P008168(gap2), P008715(gap1), P008715(gap1), P009037(gap1)
0.0478	2	1	M059	𛸅	70	M105	𛹾	25	P008322(gap1), P008931(gap1), P008931(gap2)
0.0478	2	1	M059	𛸅	70	M101	𛹪	25	P008765(gap2), P008871(gap1)
0.0478	2	2	M075	𛸳	35	M327	𜈙	50	P008961(gap2), P009027(gap2)
0.0478	5	1	M001	𛴺	89	M305	𜆡	123	P008785(gap2), P008822(gap2), P008894(gap3), P272825(gap3)
0.0477	2	2	M051	𛷣	27	M269	𜃪	65	P008156(gap3), P008995(gap2)
0.0477	5	1	M103	𛹸	24	M288	𜄱	458	P008072(gap2), P008621(gap3), P008663(gap3), P008663(gap1)
0.0477	2	1	M149	𛼰	44	M325	𜈒	40	P008119(gap2), P008119(gap3), P009035(gap1)
0.0477	2	1	M136	𛻰	88	M205	𛾸	20	P008152(gap1), P008759(gap2), P008759(gap3)
0.0477	5	1	M352	𜉕	40	M388	𜌓	275	P008085(gap2), P008112(gap3), P008136(gap1), P008633(gap1)
0.0476	2	1	M153	𛽆	42	M309	𜆽	42	P008093(gap1), P008638(gap2)
0.0476	2	1	M010	𛵜	57	M081	𛹌	31	P008279(gap2), P008279(gap1), P008442(gap3)
0.0476	3	1	M046	𛷇	28	M376	𜊽	142	P008051(gap1), P008105(gap2), P008105(gap2), P009318(gap3)
0.0476	12	1	M009	𛵓	139	M288	𜄱	458	P008043(gap3), P008454(gap2), P008718(gap1), P008719(gap1)
0.0475	3	1	M285	𜄤	11	M387	𜋾	362	P008933(gap3), P008933(gap1), P009537(gap1), P234794(gap3)
0.0475	6	1	M111	𛺑	48	M157	𛽔	332	P008486(gap2), P008486(gap3), P008694(gap1), P008994(gap1)
0.0475	3	1	M010	𛵜	57	M059	𛸅	70	P008252(gap1), P008252(gap1), P008736(gap2), P009087(gap3)
0.0474	4	1	M203	𛾳	58	M305	𜆡	123	P008014(gap1), P008194(gap1), P008194(gap3), P008702(gap2)
0.0473	3	1	M175	𛽹	30	M263	𜃁	134	P008292(gap1), P008292(gap3), P008408(gap1), P008441(gap2)
0.0473	5	1	M124	𛻃	207	M377	𜋀	54	P008043(gap2), P008084(gap2), P008416(gap2), P008416(gap1)
0.0472	4	2	M149	𛼰	44	M218	𛿺	163	P008001(gap2), P008105(gap2), P009183(gap2), P009185(gap2)
0.0471	2	1	M210	𛿙	45	M325	𜈒	40	P008273(gap2), P008322(gap1)
0.0471	4	1	M136	𛻰	88	M354	𜉠	82	P008347(gap1), P008347(gap1), P008347(gap2), P008690(gap3)
0.0470	2	2	M009	𛵓	139	M209	𛿔	13	P008135(gap2), P008349(gap3)
0.0470	2	1	M009	𛵓	139	M036+N14	𛶏	13	P008137(gap1), P009463(gap1)
0.0470	3	1	M217	𛿯	25	M218	𛿺	163	P008612(gap1), P009249(gap3), P009383(gap1), P009383(gap1)
0.0470	3	1	M371	𜊩	85	M373	𜊲	48	P008105(gap1), P008490(gap1), P008944(gap2)
0.0469	2	1	M066	𛸗	79	M386	𜋸	23	P008049(gap3), P008441(gap1)
0.0469	9	1	M263	𜃁	134	M388	𜌓	275	P008108(gap3), P008234(gap1), P008314(gap1), P008952(gap3)
0.0469	2	2	M059	𛸅	70	M136+M365	𛻳	26	P008759(gap2), P009027(gap2)
0.0469	2	2	M054	𛷪	182	M381	𜋒	10	P009077(gap2), P009538(gap3)
0.0468	2	1	M297	𜅸	203	M370+M072+M370	𜊝	9	P008105(gap1), P009183(gap2)
0.0468	2	1	M297	𜅸	203	M370+M388+M370	𜊟	9	P008105(gap3), P009183(gap1)
0.0467	6	1	M263	𜃁	134	M305	𜆡	123	P008004(gap1), P008139(gap2), P008278(gap2), P008892(gap2)
0.0467	4	1	M242	𜀺	16	M288	𜄱	458	P008077(gap1), P008077(gap1), P008081(gap1), P008688(gap1)
0.0467	3	2	M288	𜄱	458	M310	𜇂	9	P008105(gap3), P008105(gap2), P008105(gap3), P008490(gap2)
0.0467	2	1	M036+N39C	𛶙	4	M288	𜄱	458	P008275(gap3), P008275(gap1), P008275(gap1), P008275(gap2)
0.0467	2	1	M062	𛸐	4	M288	𜄱	458	P008426(gap1), P008880(gap1)
0.0467	3	1	M316	𜇖	15	M388	𜌓	275	P008633(gap2), P009361(gap1), P009361(gap2), P009414(gap1)
0.0467	7	1	M305	𜆡	123	M346	𜈽	183	P008004(gap3), P008076(gap1), P008123(gap3), P008123(gap1)
0.0465	3	1	M009	𛵓	139	M175	𛽹	30	P008532(gap1), P272825(gap2), P368604(gap1)
0.0465	5	1	M145	𛼙	32	M387	𜋾	362	P008085(gap3), P008320(gap2), P008960(gap1), P009152(gap3)
0.0464	4	1	M051	𛷣	27	M388	𜌓	275	P008229(gap1), P008310(gap3), P008709(gap3), P009240(gap3)
0.0464	2	1	M206	𛾾	60	M254	𜂔	31	P008438(gap2), P008661(gap1)
0.0464	3	1	M041	𛶹	23	M054	𛷪	182	P008043(gap1), P008179(gap1), P008179(gap3), P008179(gap1)
0.0464	3	1	M054	𛷪	182	M340	𜈱	23	P008759(gap2), P008759(gap2), P009200(gap3), P009224(gap1)
0.0463	2	1	M124	𛻃	207	M310	𜇂	9	P008105(gap3), P008105(gap2), P008105(gap2), P008105(gap3)
0.0463	2	2	M124	𛻃	207	M277	𜄄	9	P008822(gap3), P009383(gap2)
0.0463	8	1	M218	𛿺	163	M346	𜈽	183	P008048(gap1), P008222(gap1), P008454(gap3), P008454(gap1)
0.0462	2	1	M029	𛵷	22	M371	𜊩	85	P008082(gap1), P008495(gap3)
0.0462	3	1	M259	𜂣	23	M346	𜈽	183	P008430(gap2), P008547(gap2), P009330(gap2), P009330(gap1)
0.0462	3	1	M320	𜇶	23	M346	𜈽	183	P008445(gap1), P008547(gap1), P008957(gap2)
0.0462	7	1	M124	𛻃	207	M367	𜊊	111	P008381(gap2), P008490(gap3), P008490(gap1), P008790(gap3)
0.0462	4	1	M032	𛶃	56	M263	𜃁	134	P008081(gap1), P008119(gap2), P008278(gap3), P009160(gap2)
0.0462	3	2	M136	𛻰	88	M365	𜊅	48	P008736(gap2), P008839(gap2), P009460(gap3)
0.0461	4	1	M003	𛵁	53	M376	𜊽	142	P008836(gap1), P009137(gap1), P009182(gap1), P009182(gap3)
0.0461	6	2	M004	𛵅	37	M288	𜄱	458	P008126(gap3), P008353(gap2), P008431(gap3), P008448(gap2)
0.0460	4	1	M006-cluster	[M006-cluster]	86	M136	𛻰	88	P008759(gap1), P008838(gap2), P008839(gap3), P272827(gap1)
0.0459	2	3	M066	𛸗	79	M347	𜉇	24	P008431(gap3), P272826(gap3)
0.0459	3	1	M001	𛴺	89	M373	𜊲	48	P008742(gap1), P008785(gap2), P008785(gap1), P008894(gap1)
0.0458	2	1	M032	𛶃	56	M391	𜌗	34	P008220(gap2), P008816(gap1)
0.0457	3	1	M009	𛵓	139	M081	𛹌	31	P008751(gap1), P008751(gap1), P008921(gap3), P009060(gap2)
0.0456	2	1	M243	𜁃	40	M365	𜊅	48	P008231(gap1), P009432(gap2)
0.0456	2	1	M352	𜉕	40	M365	𜊅	48	P009152(gap2), P009376(gap1)
0.0456	4	1	M146	𛼢	28	M388	𜌓	275	P008271(gap3), P008448(gap1), P008476(gap2), P009444(gap2)
0.0456	4	1	M046	𛷇	28	M388	𜌓	275	P008310(gap1), P008490(gap2), P009183(gap2), P009185(gap3)
0.0455	3	1	M220	𜀌	12	M387	𜋾	362	P008964(gap1), P009127(gap3), P009127(gap1), P009530(gap3)
0.0455	5	1	M371	𜊩	85	M376	𜊽	142	P008105(gap2), P008543(gap1), P009252(gap2), P009343(gap3)
0.0455	2	2	M029	𛵷	22	M136	𛻰	88	P008173(gap2), P008759(gap3)
0.0455	5	1	M096	𛹜	44	M388	𜌓	275	P008447(gap1), P008484(gap2), P008914(gap1), P008914(gap3)
0.0454	3	1	M054	𛷪	182	M240	𜀰	24	P008179(gap1), P008179(gap3), P008643(gap1), P008767(gap2)
0.0454	3	1	M054	𛷪	182	M347	𜉇	24	P008643(gap2), P009030(gap2), P009030(gap1), P009552(gap1)
0.0453	4	1	M009	𛵓	139	M032	𛶃	56	P008320(gap1), P008898(gap3), P008898(gap1), P008898(gap2)
0.0452	3	1	M136	𛻰	88	M327	𜈙	50	P008347(gap2), P008768(gap2), P009460(gap1)
0.0452	2	1	M218	𛿺	163	M218+M288	𜀀	12	P008019(gap2), P008019(gap1), P008423(gap1)
0.0452	2	1	M218	𛿺	163	M220	𜀌	12	P008064(gap1), P368489(gap3), P368489(gap2)
0.0452	4	1	M218	𛿺	163	M365	𜊅	48	P008078(gap1), P008186(gap1), P008243(gap2), P009077(gap3)
0.0452	2	1	M218	𛿺	163	M329	𜈩	12	P008081(gap3), P008108(gap1)
0.0452	4	2	M057	𛷶	89	M136	𛻰	88	P008059(gap2), P008245(gap2), P008633(gap3), P272825(gap3)
0.0452	2	1	M029	𛵷	22	M057	𛷶	89	P008144(gap3), P008740(gap1)
0.0452	3	1	M059	𛸅	70	M072	𛸧	63	P008311(gap1), P008945(gap1), P008945(gap2), P009538(gap3)
0.0452	2	1	M059	𛸅	70	M146	𛼢	28	P008970(gap1), P009046(gap1)
0.0450	2	1	M066	𛸗	79	M217	𛿯	25	P008083(gap1), P008083(gap3), P008083(gap1), P008083(gap3)
0.0450	3	1	M001	𛴺	89	M106	𛺄	50	P008674(gap1), P008674(gap2), P009341(gap3), P009383(gap1)
0.0450	2	1	M006-cluster	[M006-cluster]	86	M320	𜇶	23	P008957(gap1), P008957(gap2), P008957(gap2), P008957(gap1)
0.0449	2	3	M206	𛾾	60	M362	𜉮	33	P008283(gap3), P008295(gap3)
0.0449	3	1	M286	𜄭	22	M297	𜅸	203	P008308(gap2), P009209(gap1), P272827(gap3)
0.0448	2	1	M157	𛽔	332	M175+M288	𛾄	6	P008026(gap1), P008236(gap3)
0.0448	2	2	M153+M006	𛽆𛵉	6	M157	𛽔	332	P008029(gap3), P008036(gap2)
0.0448	6	1	M157	𛽔	332	M377	𜋀	54	P008037(gap1), P008084(gap1), P008112(gap2), P008159(gap1)
0.0448	2	1	M157	𛽔	332	M327+M059	𜈜	6	P009302(gap1), P009305(gap1)
0.0448	2	1	M056	𛷱	57	M075	𛸳	35	P008016(gap2), P008194(gap1)
0.0448	2	1	M036	𛶎	95	M264	𜃋	21	P008540(gap1), P008991(gap1)
0.0447	2	1	M054	𛷪	182	M134	𛻦	11	P008277(gap1), P008927(gap1)
0.0447	2	1	M054	𛷪	182	M061	𛸍	11	P008772(gap2), P008845(gap1)
0.0446	10	1	M346	𜈽	183	M388	𜌓	275	P008117(gap3), P008445(gap2), P008454(gap1), P008454(gap3)
0.0446	2	2	M346	𜈽	183	M382	𜋔	11	P008827(gap2), P008881(gap2), P008881(gap2)
0.0446	2	1	M081	𛹌	31	M269	𜃪	65	P009060(gap1), P009060(gap3), P009241(gap2)
0.0445	3	1	M054	𛷪	182	M105	𛹾	25	P008316(gap2), P008316(gap2), P008322(gap2), P008322(gap2)
0.0445	3	1	M004	𛵅	37	M305	𜆡	123	P008109(gap1), P008109(gap2), P008445(gap2), P272825(gap1)
0.0445	2	3	M136	𛻰	88	M386	𜋸	23	P008245(gap3), P008347(gap3)
0.0444	3	1	M263	𜃁	134	M391	𜌗	34	P008314(gap3), P008683(gap1), P368506(gap1)
0.0444	3	1	M263	𜃁	134	M292	𜅊	34	P008867(gap2), P008867(gap2), P008980(gap3), P008981(gap1)
0.0444	3	1	M036	𛶎	95	M036+N30D	𛶔	48	P008165(gap2), P008165(gap1), P008331(gap1), P009074(gap1)
0.0444	5	1	M075	𛸳	35	M387	𜋾	362	P008016(gap1), P008018(gap2), P008059(gap2), P008215(gap2)
0.0444	3	1	M046	𛷇	28	M218	𛿺	163	P008043(gap3), P008051(gap1), P009185(gap1)
0.0444	2	1	M075	𛸳	35	M203	𛾳	58	P008194(gap1), P008910(gap2)
0.0444	3	1	M101	𛹪	25	M346	𜈽	183	P008291(gap3), P008291(gap1), P008291(gap2), P008291(gap3)
0.0444	3	1	M346	𜈽	183	M348	𜉈	25	P008661(gap3), P009257(gap1), P368546(gap1), P368546(gap1)
0.0443	2	2	M240	𜀰	24	M371	𜊩	85	P008477(gap2), P008490(gap3)
0.0443	2	2	M317	𜇟	24	M371	𜊩	85	P009343(gap2), P272825(gap3)
0.0442	6	1	M057	𛷶	89	M124	𛻃	207	P008100(gap2), P008105(gap3), P008105(gap2), P008318(gap1)
0.0442	2	1	M057	𛷶	89	M259	𜂣	23	P008234(gap1), P009262(gap2)
0.0442	2	1	M057	𛷶	89	M386	𜋸	23	P008245(gap1), P008979(gap2)
0.0442	2	1	M048	𛷋	38	M377	𜋀	54	P008271(gap1), P009251(gap2)
0.0441	2	1	M066	𛸗	79	M207	𛿈	26	P008144(gap3), P009049(gap1)
0.0440	2	2	M006-cluster	[M006-cluster]	86	M112	𛺣	24	P009125(gap3), P009152(gap2)
0.0440	3	1	M106+M288	𛺄𜄱	14	M157	𛽔	332	P008047(gap1), P008078(gap1), P008140(gap2)
0.0440	3	2	M005	𛵇	14	M157	𛽔	332	P008114(gap3), P008687(gap2), P009005(gap3)
0.0439	7	1	M124	𛻃	207	M305	𜆡	123	P008318(gap1), P008770(gap1), P008770(gap3), P008785(gap1)
0.0438	4	2	M320	𜇶	23	M387	𜋾	362	P008010(gap2), P008018(gap2), P008448(gap2), P008790(gap2)
0.0438	4	1	M259	𜂣	23	M387	𜋾	362	P008430(gap1), P008688(gap1), P009330(gap3), P009356(gap2)
0.0438	8	1	M054	𛷪	182	M346	𜈽	183	P008244(gap2), P008284(gap2), P008439(gap2), P008439(gap1)
0.0438	3	1	M024	𛵮	35	M263	𜃁	134	P008144(gap1), P008453(gap1), P009373(gap2)
0.0438	2	2	M009	𛵓	139	M316	𜇖	15	P008633(gap2), P008861(gap2)
0.0437	2	1	M036	𛶎	95	M286	𜄭	22	P009490(gap2), P368531(gap1)
0.0437	3	1	M180	𛾑	13	M387	𜋾	362	P008275(gap3), P008290(gap2), P008535(gap1)
0.0437	3	1	M131+M388	𛻜	13	M387	𜋾	362	P008395(gap1), P008907(gap2), P009375(gap2)
0.0436	3	1	M131	𛻛	29	M218	𛿺	163	P008403(gap2), P008918(gap1), P009423(gap1)
0.0436	3	1	M054	𛷪	182	M207	𛿈	26	P009049(gap2), P009441(gap1), P009538(gap2)
0.0435	2	2	M096	𛹜	44	M111	𛺑	48	P008061(gap3), P009227(gap2)
0.0435	2	1	M096	𛹜	44	M373	𜊲	48	P008193(gap1), P009438(gap1)
0.0435	3	1	M124	𛻃	207	M320	𜇶	23	P008010(gap1), P008010(gap3), P008278(gap2), P008278(gap2)
0.0435	3	1	M124	𛻃	207	M259	𜂣	23	P009088(gap2), P009088(gap1), P009194(gap1), P009356(gap1)
0.0434	2	2	M209	𛿔	13	M218	𛿺	163	P008229(gap2), P272825(gap3)
0.0434	2	1	M131+M388	𛻜	13	M218	𛿺	163	P008395(gap1), P008585(gap1), P008585(gap1)
0.0434	3	1	M367	𜊊	111	M384	𜋨	43	P008389(gap1), P009114(gap2), P235686(gap1)
0.0434	2	1	M101	𛹪	25	M371	𜊩	85	P008161(gap3), P008435(gap1)
0.0434	5	1	M219	𜀈	29	M288	𜄱	458	P008077(gap3), P008077(gap1), P008077(gap3), P008319(gap1)
0.0434	2	1	M032	𛶃	56	M262	𜂼	38	P008065(gap1), P008898(gap3), P008898(gap2), P008898(gap2)
0.0433	6	1	M003	𛵁	53	M387	𜋾	362	P008183(gap3), P008310(gap1), P008894(gap2), P008921(gap3)
0.0433	2	1	M057	𛷶	89	M240	𜀰	24	P008636(gap1), P008643(gap2)
0.0432	2	3	M242	𜀺	16	M263	𜃁	134	P008081(gap3), P008108(gap3)
0.0432	3	1	M376	𜊽	142	M391	𜌗	34	P008119(gap1), P008119(gap3), P008220(gap1), P008220(gap3)
0.0432	2	1	M004	𛵅	37	M203	𛾳	58	P008126(gap2), P008710(gap1)
0.0431	2	1	M006-cluster	[M006-cluster]	86	M101	𛹪	25	P008483(gap3), P008960(gap1)
0.0431	2	1	M327	𜈙	50	M384	𜋨	43	P008913(gap1), P008955(gap2)
0.0431	2	1	M006-cluster	[M006-cluster]	86	M348	𜉈	25	P008957(gap2), P008957(gap3), P368490(gap1)
0.0431	4	1	M059	𛸅	70	M305	𜆡	123	P008163(gap1), P008770(gap3), P008770(gap1), P008773(gap2)
0.0431	4	1	M157	𛽔	332	M207	𛿈	26	P008143(gap2), P008229(gap1), P008556(gap1), P008714(gap3)
0.0430	2	1	M097	𛹤	20	M370	𜊛	108	P008043(gap2), P008043(gap1), P008429(gap1)
0.0430	2	1	M352	𜉕	40	M377	𜋀	54	P008112(gap2), P008750(gap1)
0.0430	2	1	M260	𜂧	45	M304	𜆛	48	P008238(gap1), P008946(gap1), P008946(gap2)
0.0430	2	1	M210	𛿙	45	M304	𜆛	48	P008471(gap1), P009086(gap1)
0.0430	2	1	M036+N30D	𛶔	48	M260	𜂧	45	P009165(gap1), P009367(gap1)
0.0430	2	1	M010	𛵜	57	M048	𛷋	38	P008447(gap3), P009176(gap1)
0.0430	2	1	M038	𛶡	57	M262	𜂼	38	P009223(gap3), P368480(gap1)
0.0429	2	1	M059	𛸅	70	M081	𛹌	31	P009362(gap1), P009362(gap1), P009538(gap3)
0.0429	4	1	M240	𜀰	24	M387	𜋾	362	P008117(gap2), P008242(gap2), P008643(gap1), P008972(gap2)
0.0429	2	1	M296+M296	𜅵	6	M387	𜋾	362	P008161(gap2), P008271(gap1)
0.0429	4	1	M112	𛺣	24	M387	𜋾	362	P008272(gap1), P008640(gap3), P008640(gap2), P009256(gap2)
0.0429	2	1	M294	𜅗	6	M387	𜋾	362	P008279(gap3), P008279(gap1), P008279(gap3), P008279(gap1)
0.0429	2	2	M342	𜈳	6	M387	𜋾	362	P008322(gap3), P008536(gap2)
0.0429	2	1	M069	𛸠	6	M387	𜋾	362	P008640(gap1), P008640(gap2), P008640(gap3), P368603(gap1)
0.0429	3	1	M175	𛽹	30	M218	𛿺	163	P008008(gap2), P008008(gap3), P008429(gap1), P008432(gap1)
0.0428	3	1	M006-cluster	[M006-cluster]	86	M056	𛷱	57	P008020(gap3), P008169(gap2), P008401(gap1)
0.0428	4	1	M054	𛷪	182	M304	𜆛	48	P008643(gap3), P008931(gap2), P009086(gap1), P009162(gap2)
0.0428	2	1	M054	𛷪	182	M220	𜀌	12	P009130(gap2), P009530(gap1)
0.0427	11	1	M346	𜈽	183	M387	𜋾	362	P008117(gap1), P008384(gap3), P008384(gap1), P008430(gap1)
0.0427	5	1	M175	𛽹	30	M288	𜄱	458	P008221(gap1), P008296(gap2), P008429(gap3), P008688(gap1)
0.0426	3	1	M295	𜅘	18	M388	𜌓	275	P008484(gap3), P008634(gap3), P008634(gap2), P009015(gap1)
0.0426	2	2	M370+M072	𜊛𛸧	8	M388	𜌓	275	P008105(gap2), P008490(gap3)
0.0426	2	2	M128	𛻌	8	M388	𜌓	275	P008318(gap3), P009333(gap2)
0.0426	3	2	M124	𛻃	207	M317	𜇟	24	P008429(gap2), P009201(gap2), P009343(gap2)
0.0425	2	1	M305	𜆡	123	M351+N14	𜉎	18	P008024(gap1), P272825(gap2), P272825(gap3)
0.0424	2	2	M097	𛹤	20	M367	𜊊	111	P008446(gap2), P009480(gap3), P009480(gap2)
0.0424	2	2	M009	𛵓	139	M318	𜇩	16	P008642(gap3), P009252(gap2)
0.0424	2	1	M001	𛴺	89	M105	𛹾	25	P008240(gap1), P008322(gap3)
0.0424	2	2	M001	𛴺	89	M101	𛹪	25	P008875(gap3), P009383(gap3), P009383(gap2)
0.0424	2	1	M003	𛵁	53	M153	𛽆	42	P008827(gap3), P008921(gap1)
0.0424	6	1	M218	𛿺	163	M305	𜆡	123	P008431(gap1), P009205(gap1), P272825(gap3), P272825(gap2)
0.0424	3	3	M038	𛶡	57	M136	𛻰	88	P008142(gap3), P008152(gap3), P008690(gap3)
0.0423	2	2	M297	𜅸	203	M370+M388	𜊛𜌓	11	P008104(gap3), P008105(gap2)
0.0423	4	1	M096	𛹜	44	M297	𜅸	203	P008296(gap1), P008296(gap3), P009227(gap3), P009258(gap1)
0.0423	2	1	M297	𜅸	203	M382	𜋔	11	P008851(gap1), P008851(gap3), P008987(gap3)
0.0423	6	1	M149	𛼰	44	M288	𜄱	458	P008105(gap1), P008105(gap3), P008105(gap3), P008237(gap1)
0.0423	3	1	M061	𛸍	11	M288	𜄱	458	P008772(gap1), P008772(gap1), P008845(gap1), P008845(gap3)
0.0423	2	1	M032	𛶃	56	M325	𜈒	40	P008119(gap1), P008745(gap2)
0.0423	2	1	M059	𛸅	70	M145	𛼙	32	P008320(gap3), P009152(gap2), P009152(gap1)
0.0422	3	1	M122	𛺹	31	M218	𛿺	163	P008634(gap1), P008999(gap1), P009067(gap2)
0.0420	4	1	M105	𛹾	25	M387	𜋾	362	P008240(gap3), P008322(gap1), P008922(gap1), P008933(gap2)
0.0420	2	1	M319	𜇳	16	M376	𜊽	142	P008015(gap1), P008099(gap2)
0.0420	2	2	M318	𜇩	16	M376	𜊽	142	P009252(gap3), P009252(gap3), P009287(gap2)
0.0419	2	1	M099	𛹧	17	M263	𜃁	134	P008161(gap1), P008161(gap1), P008906(gap2)
0.0419	2	1	M036	𛶎	95	M112	𛺣	24	P008178(gap1), P008877(gap1)
0.0419	2	2	M010	𛵜	57	M243	𜁃	40	P008234(gap2), P008331(gap3)
0.0419	2	1	M038	𛶡	57	M243	𜁃	40	P008676(gap1), P008980(gap1)
0.0419	2	1	M106+M288	𛺄𜄱	14	M218	𛿺	163	P008006(gap1), P009307(gap3)
0.0419	2	1	M044	𛷂	14	M218	𛿺	163	P008008(gap2), P008008(gap1), P008064(gap2)
0.0419	2	1	M218	𛿺	163	M250	𜁺	14	P008078(gap2), P368489(gap1), P368489(gap2)
0.0419	4	1	M260	𜂧	45	M297	𜅸	203	P008612(gap1), P008694(gap3), P009165(gap2), P009487(gap1)
0.0418	5	1	M157	𛽔	332	M384	𜋨	43	P008616(gap1), P008955(gap3), P008955(gap1), P008997(gap1)
0.0418	3	1	M004	𛵅	37	M009	𛵓	139	P008216(gap2), P009257(gap1), P009257(gap1), P009257(gap2)
0.0418	2	1	M136	𛻰	88	M136+M365	𛻳	26	P008759(gap1), P008759(gap1), P009153(gap1)
0.0418	4	1	M097	𛹤	20	M288	𜄱	458	P008043(gap3), P008043(gap3), P008077(gap1), P008077(gap3)
0.0418	2	1	M036+N24	𛶐	5	M288	𜄱	458	P008275(gap3), P008275(gap2), P008297(gap1), P008297(gap2)
0.0418	3	1	M006-cluster	[M006-cluster]	86	M206	𛾾	60	P008288(gap2), P008288(gap1), P008689(gap3), P368524(gap1)
0.0417	2	1	M051	𛷣	27	M371	𜊩	85	P008490(gap1), P009030(gap1), P009030(gap1)
0.0417	3	1	M153	𛽆	42	M305	𜆡	123	P008431(gap1), P008638(gap1), P008638(gap1), P368524(gap1)
0.0417	2	1	M111	𛺑	48	M365	𜊅	48	P008016(gap1), P008785(gap2)
0.0416	2	1	M001	𛴺	89	M207	𛿈	26	P008243(gap1), P009538(gap3), P009538(gap3)
0.0415	5	2	M001	𛴺	89	M218	𛿺	163	P008243(gap3), P008634(gap3), P009467(gap2), P009480(gap2)
0.0415	2	1	M377	𜋀	54	M384	𜋨	43	P008164(gap2), P008626(gap1)
0.0415	3	1	M296	𜅴	19	M388	𜌓	275	P008476(gap3), P008740(gap1), P009414(gap1)
0.0415	2	1	M157	𛽔	332	M176	𛾍	7	P008205(gap3), P008985(gap1)
0.0414	2	1	M003	𛵁	53	M096	𛹜	44	P008115(gap1), P008740(gap3)
0.0414	2	1	M003	𛵁	53	M149	𛼰	44	P008863(gap1), P009201(gap1)
0.0414	2	2	M296	𜅴	19	M305	𜆡	123	P008186(gap2), P008476(gap2)
0.0414	5	1	M149	𛼰	44	M157	𛽔	332	P008013(gap3), P008067(gap2), P008138(gap1), P008687(gap3)
0.0413	3	1	M054	𛷪	182	M247	𜁞	29	P008882(gap2), P009384(gap2), P009469(gap1)
0.0413	3	1	M009	𛵓	139	M262	𜂼	38	P008717(gap1), P008727(gap1), P008728(gap2)
0.0413	7	1	M009	𛵓	139	M124	𛻃	207	P008043(gap1), P008135(gap3), P008251(gap1), P008251(gap1)
0.0412	4	1	M367	𜊊	111	M371	𜊩	85	P008446(gap3), P009030(gap2), P009030(gap1), P009030(gap3)
0.0411	2	3	M009	𛵓	139	M099	𛹧	17	P008543(gap3), P008827(gap3)
0.0411	8	1	M124	𛻃	207	M346	𜈽	183	P008007(gap3), P008007(gap1), P008007(gap2), P008135(gap1)
0.0411	3	1	M367	𜊊	111	M373	𜊲	48	P008490(gap3), P008902(gap1), P008902(gap3), P008944(gap2)
0.0410	2	1	M036	𛶎	95	M101	𛹪	25	P008751(gap2), P009199(gap1)
0.0410	2	1	M209	𛿔	13	M346	𜈽	183	P008135(gap2), P008821(gap1), P008821(gap2)
0.0410	2	2	M180	𛾑	13	M346	𜈽	183	P008535(gap2), P009037(gap2)
0.0410	2	1	M046	𛷇	28	M371	𜊩	85	P008043(gap3), P008043(gap1), P008490(gap1), P008490(gap3)
0.0408	2	1	M106	𛺄	50	M111	𛺑	48	P008788(gap1), P008991(gap2)
0.0408	4	1	M057	𛷶	89	M370	𜊛	108	P008105(gap1), P008318(gap2), P008318(gap1), P008318(gap3)
0.0408	2	2	M001	𛴺	89	M051	𛷣	27	P008790(gap2), P272825(gap3)
0.0408	2	1	M006-cluster	[M006-cluster]	86	M046	𛷇	28	P008105(gap1), P009183(gap1)
0.0408	3	1	M006-cluster	[M006-cluster]	86	M072	𛸧	63	P008105(gap1), P008105(gap3), P008985(gap2), P008985(gap3)
0.0406	3	1	M054	𛷪	182	M175	𛽹	30	P008221(gap2), P008685(gap1), P008759(gap2)
0.0406	2	1	M210	𛿙	45	M377	𜋀	54	P008476(gap2), P272825(gap1)
0.0405	3	1	M051	𛷣	27	M297	𜅸	203	P008179(gap1), P008709(gap2), P008709(gap2), P009239(gap3)
0.0405	2	1	M297	𜅸	203	M329	𜈩	12	P008104(gap2), P009258(gap1), P009258(gap1), P009258(gap3)
0.0405	2	2	M218+M288	𜀀	12	M297	𜅸	203	P008182(gap2), P008423(gap2)
0.0405	6	1	M288	𜄱	458	M373	𜊲	48	P008043(gap2), P008043(gap1), P008043(gap1), P008105(gap3)
0.0405	3	1	M251	𜂁	12	M288	𜄱	458	P008490(gap3), P008666(gap1), P009257(gap2)
0.0404	2	3	M024	𛵮	35	M059	𛸅	70	P008259(gap3), P008765(gap3)
0.0404	2	1	M010	𛵜	57	M384	𜋨	43	P008252(gap3), P009087(gap1)
0.0403	3	1	M210	𛿙	45	M305	𜆡	123	P008476(gap1), P272825(gap2), P272825(gap3), P368478(gap1)
0.0403	3	1	M218	𛿺	163	M391	𜌗	34	P008084(gap2), P008084(gap3), P008737(gap3), P008974(gap1)
0.0403	2	1	M136	𛻰	88	M383	𜋜	28	P008322(gap1), P009153(gap3)
0.0403	2	1	M247	𜁞	29	M371	𜊩	85	P008122(gap2), P272825(gap1)
0.0403	3	1	M106	𛺄	50	M367	𜊊	111	P008283(gap3), P008283(gap2), P008283(gap2), P008788(gap2)
0.0402	4	2	M001	𛴺	89	M367	𜊊	111	P008322(gap2), P008790(gap2), P009383(gap2), P009490(gap3)
0.0402	3	1	M009	𛵓	139	M352	𜉕	40	P008085(gap1), P008085(gap2), P008183(gap1), P008439(gap3)
0.0402	3	1	M009	𛵓	139	M243	𜁃	40	P009014(gap3), P009130(gap1), P368513(gap1)
0.0402	2	3	M370+M388+M370	𜊟	9	M388	𜌓	275	P008105(gap3), P009183(gap3)
0.0401	2	1	M041	𛶹	23	M370	𜊛	108	P008043(gap3), P008043(gap1), P008432(gap3)
0.0401	2	1	M124	𛻃	207	M329	𜈩	12	P008081(gap3), P008105(gap1)
0.0401	5	1	M288	𜄱	458	M292	𜅊	34	P008174(gap1), P008186(gap2), P008194(gap1), P008867(gap1)
0.0401	3	1	M057	𛷶	89	M072	𛸧	63	P008105(gap2), P009201(gap1), P009459(gap3)
0.0401	2	2	M046	𛷇	28	M057	𛷶	89	P008105(gap2), P009201(gap2)
0.0399	3	1	M054	𛷪	182	M122	𛺹	31	P008029(gap1), P008963(gap1), P009154(gap1)
0.0399	2	1	M038	𛶡	57	M149	𛼰	44	P008013(gap1), P008980(gap1)
0.0399	3	1	M157	𛽔	332	M374	𜊴	17	P008049(gap1), P008714(gap1), P009013(gap1)
0.0398	3	1	M254	𜂔	31	M346	𜈽	183	P008123(gap3), P008123(gap1), P008548(gap1), P008661(gap1)
0.0398	3	1	M081	𛹌	31	M346	𜈽	183	P008160(gap1), P008751(gap2), P008881(gap1), P008881(gap3)
0.0398	2	2	M066	𛸗	79	M145	𛼙	32	P008566(gap2), P368490(gap3)
0.0397	2	3	M281	𜄖	7	M387	𜋾	362	P008059(gap3), P009356(gap3)
0.0397	2	1	M036+N30C	𛶒	7	M387	𜋾	362	P008189(gap1), P008321(gap1)
0.0397	2	1	M176	𛾍	7	M387	𜋾	362	P008759(gap3), P008759(gap2), P009059(gap1), P009059(gap3)
0.0397	4	1	M297	𜅸	203	M327	𜈙	50	P008746(gap1), P008747(gap1), P009316(gap1), P498539(gap1)
0.0397	2	1	M122	𛺹	31	M354	𜉠	82	P008168(gap1), P008168(gap1), P009154(gap2), P009154(gap1)
0.0397	2	1	M081	𛹌	31	M354	𜉠	82	P009060(gap1), P009060(gap2), P009241(gap3)
0.0397	2	3	M003	𛵁	53	M304	𜆛	48	P008322(gap3), P008931(gap3)
0.0397	2	1	M003	𛵁	53	M365	𜊅	48	P008322(gap2), P008322(gap1), P009122(gap1)
0.0396	6	1	M288	𜄱	458	M327	𜈙	50	P008621(gap2), P008955(gap1), P009029(gap2), P009315(gap1)
0.0396	5	1	M096	𛹜	44	M387	𜋾	362	P008117(gap1), P008242(gap3), P008296(gap2), P008643(gap3)
0.0396	2	1	M136	𛻰	88	M247	𜁞	29	P008194(gap1), P272825(gap2)
0.0396	2	1	M320	𜇶	23	M367	𜊊	111	P008790(gap1), P009383(gap2), P009383(gap2)
0.0396	2	1	M351+N14	𜉎	18	M376	𜊽	142	P008105(gap3), P008281(gap2), P008281(gap1)
0.0395	2	1	M346	𜈽	183	M417	𜌢	14	P008448(gap1), P008689(gap2)
0.0395	2	1	M038	𛶡	57	M210	𛿙	45	P008262(gap1), P008471(gap3)
0.0395	5	1	M066	𛸗	79	M297	𜅸	203	P008433(gap1), P009156(gap1), P009156(gap2), P009156(gap3)
0.0395	3	1	M139	𛼌	21	M388	𜌓	275	P008108(gap2), P008185(gap1), P008185(gap2), P008185(gap3)
0.0395	4	2	M072	𛸧	63	M218	𛿺	163	P008310(gap2), P008310(gap2), P009160(gap3), P009183(gap3)
0.0394	4	1	M122	𛺹	31	M157	𛽔	332	P008029(gap1), P008033(gap1), P008999(gap1), P566918(gap1)
0.0394	3	1	M319	𜇳	16	M387	𜋾	362	P008275(gap3), P009059(gap3), P009059(gap1), P009514(gap1)
0.0394	6	1	M059	𛸅	70	M157	𛽔	332	P008619(gap1), P008698(gap1), P008705(gap3), P008931(gap3)
0.0393	2	1	M317	𜇟	24	M370	𜊛	108	P008429(gap1), P009201(gap1)
0.0393	2	2	M365	𜊅	48	M377	𜋀	54	P008785(gap2), P009376(gap3)
0.0392	10	1	M288	𜄱	458	M376	𜊽	142	P008105(gap1), P008105(gap1), P008105(gap2), P008105(gap3)
0.0391	3	1	M219	𜀈	29	M297	𜅸	203	P008110(gap3), P008179(gap1), P008697(gap1), P008697(gap2)
0.0391	5	1	M066	𛸗	79	M124	𛻃	207	P008049(gap1), P008241(gap2), P008241(gap1), P008355(gap2)
0.0391	3	1	M096	𛹜	44	M263	𜃁	134	P008144(gap3), P008914(gap3), P008914(gap1), P008952(gap2)
0.0390	3	2	M305	𜆡	123	M365	𜊅	48	P008759(gap2), P008894(gap2), P008917(gap2)
0.0390	6	1	M006-cluster	[M006-cluster]	86	M388	𜌓	275	P008169(gap1), P008814(gap1), P009020(gap1), P009183(gap1)
0.0390	4	2	M259	𜂣	23	M288	𜄱	458	P008431(gap2), P008442(gap3), P008688(gap3), P009338(gap2)
0.0389	2	1	M248	𜁨	13	M297	𜅸	203	P008403(gap1), P008403(gap3), P008403(gap1), P008403(gap1)
0.0389	2	1	M297	𜅸	203	M311	𜇄	13	P009083(gap2), P009164(gap1), P009164(gap1)
0.0389	2	1	M136	𛻰	88	M175	𛽹	30	P008759(gap2), P008759(gap1), P008759(gap2), P008759(gap1)
0.0389	2	2	M009	𛵓	139	M296	𜅴	19	P008717(gap2), P008780(gap2)
0.0388	5	1	M157	𛽔	332	M327	𜈙	50	P008171(gap1), P008312(gap1), P008955(gap1), P009032(gap1)
0.0388	4	1	M145	𛼙	32	M157	𛽔	332	P008089(gap1), P008089(gap2), P008135(gap3), P008148(gap2)
0.0388	3	1	M033	𛶈	18	M157	𛽔	332	P008157(gap1), P009222(gap1), P009231(gap2)
0.0388	3	2	M157	𛽔	332	M379	𜋊	18	P008192(gap2), P008690(gap3), P008712(gap2)
0.0388	2	1	M144	𛼗	8	M157	𛽔	332	P008254(gap1), P009193(gap1)
0.0387	2	1	M317	𜇟	24	M367	𜊊	111	P009343(gap3), P009343(gap1), P009343(gap3), P272825(gap1)
0.0387	3	1	M006-cluster	[M006-cluster]	86	M059	𛸅	70	P008829(gap1), P008970(gap3), P009077(gap2), P009077(gap1)
0.0386	2	2	M147	𛼫	20	M263	𜃁	134	P008338(gap3), P008869(gap2)
0.0386	2	1	M205	𛾸	20	M263	𜃁	134	P008981(gap2), P009032(gap1)
0.0386	2	3	M066	𛸗	79	M292	𜅊	34	P008186(gap3), P368483(gap3)
0.0386	2	2	M032	𛶃	56	M373	𜊲	48	P009160(gap2), P009318(gap2)
0.0386	3	2	M029	𛵷	22	M388	𜌓	275	P008082(gap2), P008740(gap2), P009375(gap3)
0.0386	3	1	M327+M342	𜈟	22	M388	𜌓	275	P008552(gap1), P008585(gap1), P368481(gap2)
0.0386	2	2	M124	𛻃	207	M302	𜆌	13	P008490(gap2), P008490(gap3), P008780(gap2)
0.0386	2	2	M124	𛻃	207	M131+M388	𛻜	13	P009088(gap3), P009196(gap2)
0.0385	2	2	M217	𛿯	25	M370	𜊛	108	P008043(gap2), P008105(gap2)
0.0384	6	1	M054	𛷪	182	M263	𜃁	134	P008002(gap2), P008108(gap1), P008233(gap3), P008906(gap2)
0.0383	2	1	M269	𜃪	65	M309	𜆽	42	P008283(gap2), P008283(gap3), P008283(gap2), P008283(gap2)
0.0382	5	1	M009	𛵓	139	M305	𜆡	123	P008135(gap3), P008137(gap2), P008749(gap1), P008749(gap1)
0.0382	2	2	M056	𛷱	57	M111	𛺑	48	P008016(gap2), P008755(gap2)
0.0382	2	1	M036+N30D	𛶔	48	M038	𛶡	57	P008402(gap1), P009192(gap3), P009192(gap3)
0.0382	2	1	M038	𛶡	57	M365	𜊅	48	P008756(gap1), P008756(gap3), P009325(gap3)
0.0382	4	1	M297	𜅸	203	M377	𜋀	54	P008430(gap2), P009028(gap1), P009028(gap2), P009296(gap2)
0.0382	2	1	M316	𜇖	15	M346	𜈽	183	P008689(gap3), P008689(gap1), P008689(gap1), P008689(gap3)
0.0382	4	1	M288	𜄱	458	M347	𜉇	24	P008126(gap2), P008431(gap2), P008431(gap1), P008688(gap3)
0.0382	2	1	M153+M006	𛽆𛵉	6	M288	𜄱	458	P008127(gap1), P008814(gap1)
0.0382	2	1	M175+M175	𛾁	6	M288	𜄱	458	P008140(gap1), P368547(gap2)
0.0382	2	1	M049	𛷑	6	M288	𜄱	458	P008271(gap1), P008666(gap3)
0.0382	2	1	M288	𜄱	458	M356	𜉡	6	P008417(gap3), P008437(gap1), P008437(gap1), P008437(gap3)
0.0382	2	2	M288	𜄱	458	M305+M320	𜆯	6	P008635(gap3), P008777(gap2)
0.0381	2	1	M036	𛶎	95	M219	𜀈	29	P008618(gap2), P008697(gap1)
0.0381	2	1	M001	𛴺	89	M081	𛹌	31	P008617(gap1), P008921(gap2), P008921(gap2)
0.0380	2	1	M099	𛹧	17	M218	𛿺	163	P008444(gap3), P008585(gap3), P008585(gap1)
0.0380	2	2	M072	𛸧	63	M149	𛼰	44	P008105(gap2), P009201(gap2), P009201(gap3)
0.0380	2	1	M101	𛹪	25	M367	𜊊	111	P008893(gap1), P009383(gap2), P009383(gap1), P009383(gap3)
0.0379	3	1	M009	𛵓	139	M260	𜂧	45	P008283(gap2), P008283(gap2), P008295(gap2), P008295(gap2)
0.0379	2	3	M009	𛵓	139	M147	𛼫	20	P008717(gap3), P008869(gap3)
0.0379	5	1	M111	𛺑	48	M387	𜋾	362	P008016(gap3), P008919(gap1), P008991(gap3), P009127(gap1)
0.0379	5	1	M365	𜊅	48	M387	𜋾	362	P008016(gap2), P008040(gap1), P008243(gap3), P009077(gap3)
0.0379	5	1	M304	𜆛	48	M387	𜋾	362	P008108(gap3), P008643(gap1), P008922(gap3), P008933(gap3)
0.0379	2	1	M203	𛾳	58	M304	𜆛	48	P008965(gap1), P008989(gap1)
0.0379	5	1	M262	𜂼	38	M288	𜄱	458	P008054(gap1), P008723(gap1), P009223(gap3), P009290(gap1)
0.0379	5	1	M048	𛷋	38	M288	𜄱	458	P008185(gap2), P008185(gap1), P008221(gap2), P008688(gap1)
0.0378	3	1	M081	𛹌	31	M297	𜅸	203	P008308(gap1), P008308(gap1), P008899(gap1), P008976(gap3)
0.0378	2	1	M059	𛸅	70	M325	𜈒	40	P008322(gap1), P009381(gap1), P009381(gap3)
0.0378	3	2	M157	𛽔	332	M296	𜅴	19	P008014(gap3), P008376(gap2), P008717(gap2)
0.0378	4	1	M254	𜂔	31	M387	𜋾	362	P008093(gap1), P008241(gap3), P008271(gap2), P008271(gap2)
0.0377	2	2	M139	𛼌	21	M263	𜃁	134	P008784(gap2), P008869(gap3)
0.0376	2	2	M259	𜂣	23	M305	𜆡	123	P008431(gap2), P009338(gap3)
0.0376	2	1	M041	𛶹	23	M305	𜆡	123	P008801(gap1), P008802(gap1)
0.0376	2	1	M072	𛸧	63	M210	𛿙	45	P008310(gap2), P008382(gap1)
0.0375	2	1	M205	𛾸	20	M376	𜊽	142	P008281(gap3), P009214(gap1), P009214(gap1)
0.0375	2	1	M106+M288	𛺄𜄱	14	M297	𜅸	203	P008431(gap1), P008431(gap3), P008646(gap1)
0.0375	5	1	M006-cluster	[M006-cluster]	86	M124	𛻃	207	P008007(gap3), P008105(gap3), P008105(gap2), P008759(gap2)
0.0375	2	1	M056	𛷱	57	M327	𜈙	50	P008755(gap1), P008757(gap1)
0.0374	3	3	M111	𛺑	48	M263	𜃁	134	P008453(gap3), P008551(gap3), P009204(gap3)
0.0373	4	1	M006-cluster	[M006-cluster]	86	M263	𜃁	134	P008007(gap2), P008106(gap1), P008689(gap2), P008892(gap3)
0.0372	2	1	M136+M365	𛻳	26	M367	𜊊	111	P008788(gap3), P008968(gap1)
0.0372	5	1	M001	𛴺	89	M297	𜅸	203	P008021(gap1), P008021(gap3), P008240(gap2), P008616(gap1)
0.0372	3	1	M295	𜅘	18	M387	𜋾	362	P008053(gap1), P009015(gap1), P368514(gap3)
0.0372	3	2	M033	𛶈	18	M387	𜋾	362	P008369(gap2), P008921(gap3), P272825(gap3)
0.0372	2	3	M372	𜊯	8	M387	𜋾	362	P008907(gap3), P009375(gap3)
0.0372	2	3	M208	𛿓	8	M387	𜋾	362	P009114(gap3), P009152(gap3)
0.0372	3	1	M218	𛿺	163	M243	𜁃	40	P008403(gap1), P008456(gap1), P008979(gap1)
0.0372	2	1	M124	𛻃	207	M266	𜃞	14	P008296(gap1), P008533(gap1), P008533(gap2)
0.0371	2	1	M054	𛷪	182	M318	𜇩	16	P008767(gap3), P009030(gap1)
0.0370	2	2	M009	𛵓	139	M125	𛻇	21	P008349(gap3), P009463(gap3), P009463(gap2)
0.0370	4	1	M036	𛶎	95	M305	𜆡	123	P008046(gap1), P008046(gap3), P008139(gap2), P008165(gap1)
0.0370	2	1	M006-cluster	[M006-cluster]	86	M391	𜌗	34	P008020(gap2), P009335(gap1)
0.0370	2	1	M006-cluster	[M006-cluster]	86	M292	𜅊	34	P008194(gap2), P008812(gap1)
0.0369	3	1	M240	𜀰	24	M388	𜌓	275	P008117(gap2), P008490(gap1), P008490(gap3), P008896(gap2)
0.0369	3	1	M103	𛹸	24	M388	𜌓	275	P008515(gap2), P009203(gap1), P368478(gap2)
0.0369	3	1	M347	𜉇	24	M388	𜌓	275	P008688(gap1), P009329(gap1), P009552(gap3)
0.0369	2	2	M059	𛸅	70	M153	𛽆	42	P008443(gap2), P008871(gap2)
0.0368	4	1	M136	𛻰	88	M263	𜃁	134	P008106(gap3), P008139(gap3), P008279(gap2), P008690(gap1)
0.0368	2	1	M195+M057	𛾥	22	M263	𜃁	134	P008122(gap3), P008139(gap1), P008139(gap3)
0.0368	3	1	M157	𛽔	332	M205	𛾸	20	P008023(gap1), P008759(gap3), P009032(gap3)
0.0368	2	1	M305	𜆡	123	M317	𜇟	24	P008163(gap1), P008163(gap2), P272825(gap1)
0.0368	2	1	M305	𜆡	123	M347	𜉇	24	P009306(gap1), P368480(gap1), P368480(gap3)
0.0367	3	1	M009	𛵓	139	M365	𜊅	48	P008788(gap3), P009122(gap1), P009152(gap2)
0.0366	2	2	M110	𛺍	9	M157	𛽔	332	P008078(gap2), P008089(gap3)
0.0366	2	2	M002	𛴾	34	M136	𛻰	88	P008139(gap2), P008183(gap2)
0.0366	3	1	M004	𛵅	37	M054	𛷪	182	P008906(gap2), P008906(gap1), P008906(gap3), P008906(gap3)
0.0365	2	1	M051	𛷣	27	M367	𜊊	111	P008902(gap3), P009030(gap3), P009030(gap1), P009030(gap1)
0.0365	2	1	M066	𛸗	79	M262	𜂼	38	P008067(gap1), P008688(gap2), P008688(gap1)
0.0365	3	2	M004	𛵅	37	M346	𜈽	183	P008445(gap2), P008448(gap3), P008974(gap3)
0.0365	2	2	M006-cluster	[M006-cluster]	86	M024	𛵮	35	P009251(gap2), P368490(gap3)
0.0364	2	1	M072	𛸧	63	M365	𜊅	48	P008040(gap2), P008894(gap1)
0.0364	4	1	M149	𛼰	44	M388	𜌓	275	P008067(gap1), P008105(gap3), P008105(gap2), P008429(gap2)
0.0364	2	3	M388	𜌓	275	M390	𜌕	11	P008314(gap3), P009552(gap3)
0.0364	2	2	M249	𜁱	11	M388	𜌓	275	P009213(gap2), P368547(gap2)
0.0364	2	2	M001	𛴺	89	M391	𜌗	34	P008119(gap2), P008816(gap2)
0.0364	2	1	M001	𛴺	89	M002	𛴾	34	P008456(gap3), P009057(gap1)
0.0363	5	1	M056	𛷱	57	M157	𛽔	332	P008031(gap2), P008401(gap2), P008699(gap1), P008803(gap3)
0.0363	3	1	M373	𜊲	48	M376	𜊽	142	P008105(gap3), P008490(gap2), P009201(gap1)
0.0362	2	1	M009	𛵓	139	M286	𜄭	22	P008215(gap3), P008641(gap1)
0.0361	3	1	M292	𜅊	34	M297	𜅸	203	P008150(gap2), P008621(gap2), P368483(gap1)
0.0361	11	1	M288	𜄱	458	M297	𜅸	203	P008075(gap2), P008105(gap3), P008105(gap1), P008203(gap1)
0.0361	3	1	M054	𛷪	182	M262	𜂼	38	P008170(gap1), P008688(gap2), P009552(gap1)
0.0361	2	1	M003	𛵁	53	M203	𛾳	58	P008575(gap1), P008751(gap1)
0.0361	2	2	M217	𛿯	25	M305	𜆡	123	P008014(gap2), P272825(gap2)
0.0360	2	1	M259	𜂣	23	M263	𜃁	134	P008430(gap1), P009356(gap1)
0.0360	2	1	M054	𛷪	182	M099	𛹧	17	P008903(gap2), P008906(gap1), P008906(gap1)
0.0359	3	1	M125	𛻇	21	M157	𛽔	332	P008042(gap2), P008759(gap1), P009017(gap3)
0.0359	2	1	M124	𛻃	207	M316	𜇖	15	P008572(gap1), P008860(gap2)
0.0359	2	1	M367	𜊊	111	M383	𜋜	28	P008776(gap1), P008788(gap1)
0.0359	2	1	M099	𛹧	17	M346	𜈽	183	P008827(gap1), P009089(gap2), P009089(gap2)
0.0358	3	1	M038	𛶡	57	M305	𜆡	123	P008014(gap1), P009205(gap2), P272827(gap1)
0.0358	2	2	M111	𛺑	48	M269	𜃪	65	P008156(gap2), P008788(gap2)
0.0358	2	1	M269	𜃪	65	M365	𜊅	48	P008788(gap2), P008788(gap1), P009037(gap1)
0.0358	2	1	M036+N30D	𛶔	48	M269	𜃪	65	P009037(gap1), P009367(gap2)
0.0358	7	1	M009	𛵓	139	M388	𜌓	275	P008085(gap1), P008108(gap1), P008108(gap3), P008117(gap1)
0.0358	3	2	M001	𛴺	89	M066	𛸗	79	P008875(gap2), P008906(gap2), P368490(gap3)
0.0357	2	1	M219	𜀈	29	M370	𜊛	108	P008077(gap1), P368504(gap2)
0.0356	2	3	M072	𛸧	63	M327	𜈙	50	P008735(gap3), P008735(gap3), P008739(gap3)
0.0356	4	1	M048	𛷋	38	M157	𛽔	332	P008103(gap2), P008136(gap3), P008198(gap2), P009041(gap1)
0.0356	2	2	M066	𛸗	79	M325	𜈒	40	P008060(gap2), P008644(gap3)
0.0356	2	2	M066	𛸗	79	M352	𜉕	40	P008144(gap2), P009089(gap3)
0.0354	5	1	M157	𛽔	332	M206	𛾾	60	P008166(gap2), P008166(gap3), P008689(gap3), P008722(gap1)
0.0354	7	1	M376	𜊽	142	M388	𜌓	275	P008171(gap1), P008171(gap2), P008346(gap2), P008429(gap3)
0.0354	2	2	M010	𛵜	57	M032	𛶃	56	P008331(gap2), P008635(gap3)
0.0354	2	1	M009	𛵓	139	M246	𜁒	23	P008349(gap3), P008349(gap2), P008349(gap1), P008349(gap3)
0.0354	4	1	M072	𛸧	63	M297	𜅸	203	P008043(gap2), P008985(gap3), P008985(gap2), P008985(gap3)
0.0354	2	2	M207	𛿈	26	M305	𜆡	123	P008638(gap2), P009538(gap3)
0.0354	2	1	M136+M365	𛻳	26	M305	𜆡	123	P008779(gap1), P008955(gap3)
0.0353	6	1	M072	𛸧	63	M288	𜄱	458	P008105(gap2), P008105(gap2), P008105(gap1), P008105(gap2)
0.0353	3	1	M269	𜃪	65	M367	𜊊	111	P008283(gap1), P008283(gap1), P008359(gap3), P008788(gap3)
0.0353	3	2	M263	𜃁	134	M377	𜋀	54	P008271(gap3), P008626(gap3), P009376(gap2)
0.0353	3	1	M147	𛼫	20	M387	𜋾	362	P008243(gap1), P008869(gap1), P008968(gap2), P008968(gap1)
0.0352	3	1	M054	𛷪	182	M325	𜈒	40	P008316(gap1), P008316(gap3), P008759(gap2), P008759(gap3)
0.0351	2	2	M206	𛾾	60	M377	𜋀	54	P008416(gap2), P008661(gap3), P008661(gap2)
0.0351	3	1	M001	𛴺	89	M354	𜉠	82	P008347(gap3), P008347(gap2), P008347(gap1), P008857(gap1)
0.0351	3	1	M157	𛽔	332	M321	𜇼	22	P008001(gap2), P008001(gap3), P008032(gap1), P008687(gap1)
0.0351	6	1	M136	𛻰	88	M157	𛽔	332	P008079(gap1), P008183(gap1), P008293(gap1), P008486(gap1)
0.0351	2	1	M297	𜅸	203	M318	𜇩	16	P008021(gap2), P008021(gap1), P008296(gap1), P008296(gap1)
0.0350	3	1	M288	𜄱	458	M319	𜇳	16	P008275(gap2), P008830(gap1), P008855(gap1)
0.0350	3	1	M288	𜄱	458	M318	𜇩	16	P008296(gap3), P008490(gap2), P009185(gap1), P009185(gap3)
0.0350	2	3	M110	𛺍	9	M387	𜋾	362	P008566(gap3), P009255(gap3)
0.0350	2	1	M147	𛼫	20	M218	𛿺	163	P008243(gap1), P008338(gap1)
0.0350	2	1	M259	𜂣	23	M376	𜊽	142	P008737(gap1), P009018(gap3), P009018(gap1), P009018(gap1)
0.0350	3	1	M003	𛵁	53	M009	𛵓	139	P008751(gap1), P008751(gap3), P008931(gap1), P008931(gap2)
0.0349	6	2	M001	𛴺	89	M157	𛽔	332	P008079(gap3), P008106(gap3), P008119(gap3), P008616(gap3)
0.0348	2	1	M033	𛶈	18	M346	𜈽	183	P008004(gap1), P008615(gap2)
0.0348	2	2	M329	𜈩	12	M388	𜌓	275	P008108(gap2), P008490(gap2)
0.0348	4	1	M304	𜆛	48	M388	𜌓	275	P008108(gap1), P008162(gap3), P009337(gap1), P009537(gap1)
0.0348	4	1	M036+N30D	𛶔	48	M388	𜌓	275	P008168(gap1), P008999(gap1), P009203(gap1), P009240(gap1)
0.0348	2	1	M038	𛶡	57	M203	𛾳	58	P008014(gap2), P009325(gap1)
0.0347	4	1	M131	𛻛	29	M288	𜄱	458	P008026(gap1), P008790(gap1), P008918(gap1), P008918(gap3)
0.0347	2	2	M051	𛷣	27	M305	𜆡	123	P008759(gap3), P008790(gap2)
0.0347	3	1	M136	𛻰	88	M371	𜊩	85	P009283(gap2), P009317(gap1), P272825(gap1)
0.0346	2	1	M009	𛵓	139	M103	𛹸	24	P008135(gap2), P008135(gap1), P008368(gap1)
0.0346	2	1	M009	𛵓	139	M112	𛺣	24	P009152(gap3), P009297(gap1)
0.0346	2	1	M254	𜂔	31	M370	𜊛	108	P008432(gap3), P008432(gap2), P008432(gap3), P008742(gap1)
0.0346	2	1	M217	𛿯	25	M263	𜃁	134	P008188(gap1), P008612(gap1), P008612(gap2)
0.0345	2	1	M032	𛶃	56	M206	𛾾	60	P008208(gap2), P008438(gap1)
0.0345	3	1	M001	𛴺	89	M371	𜊩	85	P009461(gap1), P009467(gap3), P368516(gap1)
0.0344	2	1	M057	𛷶	89	M262	𜂼	38	P008430(gap1), P368480(gap2)
0.0343	3	1	M041	𛶹	23	M157	𛽔	332	P008517(gap1), P009194(gap1), P009307(gap1)
0.0343	3	1	M157	𛽔	332	M246	𜁒	23	P008700(gap1), P008702(gap1), P009010(gap2)
0.0343	3	2	M157	𛽔	332	M259	𜂣	23	P008737(gap2), P009041(gap3), P009194(gap3)
0.0343	2	2	M243	𜁃	40	M371	𜊩	85	P009028(gap3), P009028(gap2), P009030(gap2)
0.0343	3	1	M001	𛴺	89	M006-cluster	[M006-cluster]	86	P008106(gap2), P009341(gap2), P009341(gap1), P368490(gap1)
0.0343	4	1	M102	𛹬	41	M157	𛽔	332	P008005(gap2), P008759(gap3), P008759(gap1), P008788(gap2)
0.0343	3	1	M004	𛵅	37	M124	𛻃	207	P008081(gap3), P008490(gap1), P008490(gap1), P008490(gap1)
0.0342	2	1	M038	𛶡	57	M206	𛾾	60	P008689(gap2), P009300(gap1)
0.0341	4	1	M327	𜈙	50	M388	𜌓	275	P008171(gap3), P008351(gap1), P009032(gap2), P009316(gap1)
0.0341	4	1	M048	𛷋	38	M387	𜋾	362	P008234(gap2), P008430(gap3), P008606(gap1), P008606(gap2)
0.0341	2	1	M006-cluster	[M006-cluster]	86	M352	𜉕	40	P008085(gap3), P009152(gap1)
0.0341	2	1	M305	𜆡	123	M383	𜋜	28	P008076(gap1), P272825(gap2)
0.0341	3	1	M072	𛸧	63	M305	𜆡	123	P008894(gap3), P008902(gap2), P009103(gap1)
0.0340	2	1	M099	𛹧	17	M297	𜅸	203	P008530(gap2), P009258(gap1), P009258(gap2)
0.0340	2	1	M054	𛷪	182	M296	𜅴	19	P008105(gap1), P008906(gap1)
0.0340	2	1	M054	𛷪	182	M314	𜇏	19	P008759(gap1), P008906(gap1), P008906(gap3)
0.0340	3	2	M288	𜄱	458	M301	𜆄	17	P008053(gap2), P008353(gap3), P008635(gap3)
0.0339	2	2	M009	𛵓	139	M348	𜉈	25	P008383(gap2), P008633(gap3), P008633(gap2)
0.0339	2	2	M066	𛸗	79	M149	𛼰	44	P008067(gap2), P008138(gap3)
0.0339	4	1	M153	𛽆	42	M157	𛽔	332	P008177(gap2), P008376(gap1), P008629(gap2), P008728(gap3)
0.0338	6	2	M036	𛶎	95	M157	𛽔	332	P008046(gap2), P008293(gap2), P008293(gap3), P008697(gap3)
0.0337	5	1	M288	𜄱	458	M304	𜆛	48	P008355(gap3), P008355(gap1), P008355(gap2), P008442(gap2)
0.0337	2	1	M099	𛹧	17	M124	𛻃	207	P008416(gap1), P008827(gap2)
0.0337	3	3	M001	𛴺	89	M057	𛷶	89	P008634(gap3), P008857(gap3), P008906(gap3)
0.0337	2	1	M354	𜉠	82	M384	𜋨	43	P008486(gap1), P008486(gap1), P008486(gap2), P008486(gap3)
0.0337	2	3	M032	𛶃	56	M072	𛸧	63	P009160(gap3), P009253(gap3)
0.0336	3	1	M286	𜄭	22	M387	𜋾	362	P008215(gap3), P008797(gap2), P368531(gap1)
0.0336	3	1	M103	𛹸	24	M157	𛽔	332	P008114(gap1), P008135(gap2), P008368(gap1)
0.0335	3	1	M054	𛷪	182	M149	𛼰	44	P008105(gap3), P008105(gap1), P008105(gap1), P008105(gap1)
0.0335	2	1	M001	𛴺	89	M352	𜉕	40	P008921(gap1), P009376(gap3)
0.0335	2	1	M001	𛴺	89	M325	𜈒	40	P009233(gap1), P009376(gap2)
0.0334	2	1	M036+N14	𛶏	13	M388	𜌓	275	P008003(gap1), P008912(gap1)
0.0334	2	3	M291	𜅇	13	M388	𜌓	275	P008082(gap3), P008644(gap3)
0.0334	2	2	M209	𛿔	13	M388	𜌓	275	P008229(gap2), P009535(gap2), P009535(gap3)
0.0334	2	2	M218	𛿺	163	M327+M342	𜈟	22	P008585(gap2), P008612(gap2)
0.0333	2	1	M009	𛵓	139	M136+M365	𛻳	26	P008788(gap1), P008788(gap3), P009043(gap2)
0.0332	4	1	M352	𜉕	40	M387	𜋾	362	P008069(gap1), P008183(gap2), P008907(gap1), P008921(gap1)
0.0332	4	1	M243	𜁃	40	M387	𜋾	362	P008075(gap2), P008456(gap3), P008501(gap2), P008501(gap1)
0.0332	4	1	M325	𜈒	40	M387	𜋾	362	P008272(gap1), P008292(gap2), P008759(gap2), P008759(gap1)
0.0332	2	1	M369	𜊘	10	M387	𜋾	362	P008448(gap1), P368514(gap3)
0.0332	4	1	M059	𛸅	70	M124	𛻃	207	P008759(gap3), P008759(gap2), P008759(gap1), P008770(gap2)
0.0331	3	1	M054	𛷪	182	M260	𜂧	45	P008638(gap1), P008638(gap2), P008694(gap2), P009468(gap1)
0.0331	2	1	M054	𛷪	182	M205	𛾸	20	P008759(gap1), P008903(gap2)
0.0331	4	1	M003	𛵁	53	M388	𜌓	275	P008310(gap3), P008318(gap2), P008318(gap2), P008490(gap2)
0.0331	5	1	M072	𛸧	63	M387	𜋾	362	P008040(gap1), P008170(gap1), P008170(gap1), P008310(gap1)
0.0331	2	3	M157	𛽔	332	M157+M131	𛽛	11	P008011(gap3), P008177(gap3)
0.0330	2	1	M128	𛻌	8	M288	𜄱	458	P008260(gap3), P008705(gap1)
0.0330	2	1	M288	𜄱	458	M393	𜌘	8	P009209(gap1), P009486(gap3)
0.0330	2	1	M073	𛸩	8	M288	𜄱	458	P009338(gap1), P009350(gap2)
0.0330	2	1	M002	𛴾	34	M370	𜊛	108	P008331(gap1), P008419(gap1), P008419(gap1)
0.0330	3	1	M124	𛻃	207	M243	𜁃	40	P008239(gap1), P008239(gap3), P008355(gap3), P008665(gap2)
0.0330	3	1	M124	𛻃	207	M325	𜈒	40	P008292(gap2), P008759(gap3), P008759(gap2), P008759(gap1)
0.0329	2	1	M175	𛽹	30	M305	𜆡	123	P009004(gap1), P272825(gap1), P272825(gap3)
0.0329	2	1	M136+M365	𛻳	26	M376	𜊽	142	P009042(gap3), P009043(gap1), P009043(gap2)
0.0329	2	1	M136	𛻰	88	M153	𛽆	42	P008343(gap2), P008443(gap1)
0.0329	2	1	M006-cluster	[M006-cluster]	86	M384	𜋨	43	P008759(gap1), P008829(gap2)
0.0329	3	1	M340	𜈱	23	M387	𜋾	362	P009200(gap2), P009224(gap1), P009355(gap2)
0.0329	3	1	M009	𛵓	139	M206	𛾾	60	P008283(gap1), P008283(gap1), P008283(gap1), P008283(gap1)
0.0328	2	1	M124	𛻃	207	M295	𜅘	18	P008296(gap1), P008860(gap1)
0.0328	2	2	M124	𛻃	207	M379	𜋊	18	P008450(gap2), P008533(gap3)
0.0326	3	1	M036	𛶎	95	M057	𛷶	89	P008234(gap3), P008293(gap3), P009199(gap1)
0.0326	3	1	M001	𛴺	89	M036	𛶎	95	P008240(gap1), P009490(gap1), P368552(gap1)
0.0325	2	1	M072	𛸧	63	M206	𛾾	60	P008991(gap1), P009459(gap2)
0.0325	2	2	M136	𛻰	88	M384	𜋨	43	P008759(gap2), P008759(gap2), P008806(gap2)
0.0325	3	2	M122	𛺹	31	M388	𜌓	275	P008033(gap2), P008168(gap2), P008999(gap3)
0.0325	3	1	M254	𜂔	31	M388	𜌓	275	P008098(gap1), P008455(gap3), P008455(gap1), P008477(gap2)
0.0324	2	1	M036	𛶎	95	M325	𜈒	40	P008292(gap3), P008783(gap1)
0.0324	2	1	M081	𛹌	31	M305	𜆡	123	P008308(gap2), P009538(gap1)
0.0323	2	3	M210	𛿙	45	M371	𜊩	85	P008476(gap3), P368478(gap3)
0.0323	4	1	M370	𜊛	108	M376	𜊽	142	P008105(gap3), P008105(gap3), P008432(gap2), P008490(gap1)
0.0323	3	2	M157	𛽔	332	M265	𜃓	26	P008525(gap3), P008617(gap3), P008692(gap2)
0.0323	2	1	M139	𛼌	21	M346	𜈽	183	P008012(gap3), P008012(gap1), P009330(gap3), P009330(gap1)
0.0322	2	1	M266	𜃞	14	M388	𜌓	275	P008003(gap2), P009017(gap3), P009017(gap1)
0.0322	2	1	M296	𜅴	19	M297	𜅸	203	P008376(gap1), P008376(gap1), P008752(gap2)
0.0322	2	1	M297	𜅸	203	M314	𜇏	19	P008895(gap1), P009347(gap3), P009347(gap1), P009347(gap2)
0.0321	3	1	M263	𜃁	134	M269	𜃪	65	P008092(gap1), P008233(gap2), P008689(gap3), P008689(gap1)
0.0321	2	1	M096	𛹜	44	M136	𛻰	88	P008180(gap1), P368556(gap1)
0.0321	3	1	M054	𛷪	182	M111	𛺑	48	P008486(gap2), P008486(gap1), P008850(gap3), P008919(gap2)
0.0321	5	1	M003	𛵁	53	M288	𜄱	458	P008043(gap1), P008105(gap2), P008105(gap2), P008490(gap3)
0.0321	2	2	M131	𛻛	29	M263	𜃁	134	P008060(gap2), P008060(gap3), P008345(gap2)
0.0321	2	1	M009	𛵓	139	M046	𛷇	28	P008043(gap1), P368479(gap2), P368479(gap2)
0.0320	3	1	M111	𛺑	48	M346	𜈽	183	P008061(gap1), P008061(gap1), P008785(gap3), P009128(gap2)
0.0320	3	1	M145	𛼙	32	M388	𜌓	275	P008234(gap2), P009152(gap2), P009436(gap1)
0.0320	2	1	M001	𛴺	89	M149	𛼰	44	P008119(gap2), P008863(gap1)
0.0320	5	1	M001	𛴺	89	M388	𜌓	275	P008185(gap2), P008185(gap3), P008185(gap3), P008185(gap2)
0.0319	4	1	M010	𛵜	57	M388	𜌓	275	P008354(gap1), P008447(gap1), P008515(gap1), P008515(gap3)
0.0319	2	1	M124	𛻃	207	M296	𜅴	19	P008105(gap2), P008780(gap1)
0.0319	4	1	M367	𜊊	111	M376	𜊽	142	P008223(gap1), P008346(gap1), P008346(gap3), P008346(gap3)
0.0317	2	1	M061	𛸍	11	M387	𜋾	362	P008275(gap1), P008926(gap1)
0.0317	2	1	M134	𛻦	11	M387	𜋾	362	P008914(gap3), P009153(gap1)
0.0317	2	2	M293	𜅒	11	M387	𜋾	362	P008982(gap2), P008995(gap2)
0.0317	2	1	M157	𛽔	332	M324	𜈌	12	P008213(gap1), P008690(gap2)
0.0316	2	1	M054	𛷪	182	M327+M342	𜈟	22	P008310(gap2), P008322(gap1)
0.0316	2	1	M029	𛵷	22	M054	𛷪	182	P008759(gap1), P008919(gap2)
0.0315	3	1	M101	𛹪	25	M387	𜋾	362	P008933(gap1), P008933(gap1), P008960(gap3), P009383(gap2)
0.0315	2	2	M009	𛵓	139	M219	𜀈	29	P009130(gap2), P272825(gap3)
0.0314	3	1	M054	𛷪	182	M327	𜈙	50	P008847(gap2), P008847(gap1), P008847(gap2), P009030(gap3)
0.0314	2	1	M097	𛹤	20	M297	𜅸	203	P009156(gap1), P368574(gap1), P368574(gap1)
0.0313	2	1	M101	𛹪	25	M218	𛿺	163	P008960(gap2), P009383(gap3), P009383(gap1)
0.0313	2	1	M365	𜊅	48	M371	𜊩	85	P008040(gap2), P009336(gap1)
0.0312	2	1	M327	𜈙	50	M354	𜉠	82	P008347(gap1), P008347(gap3), P009048(gap2), P009048(gap2)
0.0312	2	1	M106	𛺄	50	M354	𜉠	82	P009151(gap3), P009151(gap2), P009151(gap1), P009341(gap2)
0.0312	2	1	M048	𛷋	38	M370	𜊛	108	P008432(gap1), P009183(gap1)
0.0312	2	1	M131	𛻛	29	M376	𜊽	142	P008201(gap2), P009188(gap1)
0.0312	2	1	M195+M038	𛾣	9	M288	𜄱	458	P008039(gap1), P009208(gap2)
0.0311	2	2	M006-cluster	[M006-cluster]	86	M036+N30D	𛶔	48	P008137(gap2), P009228(gap2), P009228(gap3)
0.0311	3	1	M010	𛵜	57	M218	𛿺	163	P008313(gap2), P008621(gap3), P009025(gap1)
0.0311	3	1	M157	𛽔	332	M383	𜋜	28	P008076(gap1), P008361(gap2), P008996(gap2)
0.0311	3	1	M124	𛻃	207	M210	𛿙	45	P008759(gap1), P008759(gap2), P008759(gap3), P009343(gap2)
0.0310	5	1	M346	𜈽	183	M376	𜊽	142	P008223(gap2), P008445(gap3), P008603(gap3), P008603(gap1)
0.0309	2	1	M292	𜅊	34	M305	𜆡	123	P008186(gap1), P008194(gap2)
0.0309	3	1	M207	𛿈	26	M387	𜋾	362	P008229(gap1), P008243(gap1), P009538(gap2), P009538(gap3)
0.0309	2	2	M054	𛷪	182	M320	𜇶	23	P008105(gap2), P008105(gap2), P009160(gap2)
0.0309	2	1	M054	𛷪	182	M259	𜂣	23	P008688(gap1), P009088(gap1), P009088(gap2)
0.0309	2	2	M059	𛸅	70	M206	𛾾	60	P008320(gap3), P008689(gap2)
0.0308	2	2	M136	𛻰	88	M304	𜆛	48	P008322(gap2), P008769(gap2)
0.0308	2	1	M111	𛺑	48	M136	𛻰	88	P008486(gap1), P008486(gap2), P008785(gap2)
0.0307	2	1	M327	𜈙	50	M371	𜊩	85	P009030(gap1), P009030(gap2), P009030(gap1), P009445(gap2)
0.0306	2	1	M139	𛼌	21	M297	𜅸	203	P008498(gap1), P272828(gap1)
0.0306	2	1	M057	𛷶	89	M304	𜆛	48	P008375(gap3), P008375(gap2), P008375(gap1), P008375(gap1)
0.0306	2	1	M036	𛶎	95	M260	𜂧	45	P008139(gap1), P008986(gap1)
0.0306	3	1	M157	𛽔	332	M247	𜁞	29	P008149(gap1), P008188(gap1), P009010(gap1)
0.0305	2	1	M145	𛼙	32	M263	𜃁	134	P008234(gap3), P008338(gap1)
0.0305	2	2	M006-cluster	[M006-cluster]	86	M106	𛺄	50	P008818(gap2), P009341(gap2)
0.0305	2	1	M075	𛸳	35	M305	𜆡	123	P008194(gap2), P009103(gap1)
0.0305	3	2	M003	𛵁	53	M346	𜈽	183	P008381(gap2), P008827(gap3), P008902(gap2)
0.0304	2	1	M157	𛽔	332	M302	𜆌	13	P008003(gap1), P009279(gap1)
0.0304	2	3	M131+M388	𛻜	13	M157	𛽔	332	P008907(gap3), P009196(gap3)
0.0304	2	3	M157	𛽔	332	M180	𛾑	13	P009197(gap3), P009239(gap3)
0.0304	3	1	M297	𜅸	203	M365	𜊅	48	P008021(gap1), P008231(gap2), P009432(gap1), P009432(gap3)
0.0303	2	1	M251	𜂁	12	M387	𜋾	362	P008069(gap3), P008331(gap1)
0.0303	2	1	M278	𜄉	12	M387	𜋾	362	P008460(gap3), P008460(gap2), P008460(gap1), P009363(gap1)
0.0303	3	1	M051	𛷣	27	M387	𜋾	362	P008229(gap2), P008995(gap1), P272825(gap1), P272825(gap2)
0.0303	2	1	M054	𛷪	182	M112	𛺣	24	P008310(gap1), P008310(gap1), P008310(gap3), P008310(gap2)
0.0302	2	2	M112	𛺣	24	M346	𜈽	183	P008385(gap2), P009125(gap2)
0.0302	2	1	M242	𜀺	16	M388	𜌓	275	P008108(gap1), P008644(gap3), P008644(gap2)
0.0301	2	1	M051	𛷣	27	M218	𛿺	163	P008229(gap3), P008310(gap1)
0.0300	2	1	M325	𜈒	40	M367	𜊊	111	P008322(gap2), P009030(gap2), P009030(gap1), P009030(gap3)
0.0298	2	2	M010	𛵜	57	M066	𛸗	79	P008122(gap2), P272826(gap2)
0.0298	2	1	M003	𛵁	53	M371	𜊩	85	P008490(gap2), P008944(gap1)
0.0297	4	1	M106	𛺄	50	M387	𜋾	362	P008418(gap1), P008939(gap1), P008991(gap2), P008991(gap1)
0.0297	4	1	M327	𜈙	50	M387	𜋾	362	P008847(gap3), P008871(gap2), P008871(gap3), P008926(gap2)
0.0296	2	1	M054	𛷪	182	M217	𛿯	25	P008310(gap1), P368483(gap3)
0.0296	2	1	M102	𛹬	41	M367	𜊊	111	P008283(gap3), P008283(gap1), P008788(gap1), P008788(gap3)
0.0296	2	1	M218	𛿺	163	M383	𜋜	28	P008361(gap1), P009067(gap1)
0.0296	2	1	M105	𛹾	25	M346	𜈽	183	P008785(gap2), P009386(gap1)
0.0296	4	1	M288	𜄱	458	M352	𜉕	40	P008043(gap1), P008043(gap2), P008444(gap2), P008784(gap2)
0.0296	2	1	M288	𜄱	458	M369	𜊘	10	P008105(gap2), P008105(gap2), P008105(gap2), P008105(gap1)
0.0295	2	1	M066	𛸗	79	M203	𛾳	58	P008477(gap1), P009382(gap1)
0.0295	2	2	M009	𛵓	139	M362	𜉮	33	P008295(gap3), P008295(gap3), P008380(gap2)
0.0295	4	1	M001	𛴺	89	M124	𛻃	207	P008785(gap1), P008790(gap1), P008822(gap2), P009444(gap1)
0.0294	3	1	M038	𛶡	57	M346	𜈽	183	P008145(gap1), P008464(gap2), P008689(gap1), P008689(gap1)
0.0293	4	1	M032	𛶃	56	M157	𛽔	332	P008099(gap2), P008114(gap2), P009005(gap1), P009016(gap2)
0.0293	4	1	M009	𛵓	139	M263	𜃁	134	P008106(gap2), P008438(gap1), P008869(gap1), P009156(gap3)
0.0293	2	1	M309	𜆽	42	M367	𜊊	111	P008283(gap1), P008283(gap2), P008283(gap2), P009343(gap1)
0.0293	2	1	M259	𜂣	23	M297	𜅸	203	P008431(gap1), P009041(gap2)
0.0293	2	2	M099	𛹧	17	M388	𜌓	275	P008112(gap2), P008164(gap2)
0.0293	2	2	M301	𜆄	17	M388	𜌓	275	P008318(gap2), P008318(gap2), P008318(gap3), P008999(gap3)
0.0292	3	2	M041	𛶹	23	M288	𜄱	458	P008043(gap3), P008801(gap2), P008802(gap2)
0.0292	3	1	M288	𜄱	458	M386	𜋸	23	P008319(gap2), P008340(gap1), P009350(gap1)
0.0292	2	2	M036+N14	𛶏	13	M387	𜋾	362	P008003(gap2), P008003(gap3), P008239(gap2)
0.0291	2	2	M001	𛴺	89	M003	𛵁	53	P008863(gap3), P008863(gap2), P008894(gap3)
0.0291	2	1	M009	𛵓	139	M391	𜌗	34	P008250(gap1), P008974(gap2)
0.0291	5	1	M057	𛷶	89	M157	𛽔	332	P008103(gap1), P008181(gap1), P008954(gap3), P008979(gap2)
0.0291	4	1	M010	𛵜	57	M157	𛽔	332	P008711(gap2), P008984(gap2), P008984(gap3), P009003(gap1)
0.0291	2	1	M054	𛷪	182	M265	𜃓	26	P008919(gap2), P009209(gap1)
0.0290	2	1	M066	𛸗	79	M206	𛾾	60	P008239(gap1), P009411(gap1), P009411(gap1)
0.0290	2	1	M096	𛹜	44	M370	𜊛	108	P008193(gap1), P009438(gap3)
0.0290	2	1	M136	𛻰	88	M377	𜋀	54	P272825(gap1), P368482(gap1)
0.0290	2	2	M124	𛻃	207	M386	𜋸	23	P008271(gap2), P009194(gap2)
0.0288	3	1	M136	𛻰	88	M305	𜆡	123	P008139(gap1), P008806(gap2), P368601(gap3)
0.0288	2	1	M292	𜅊	34	M376	𜊽	142	P009043(gap3), P009214(gap1), P009214(gap3)
0.0287	2	1	M009	𛵓	139	M075	𛸳	35	P008215(gap2), P008215(gap1), P008215(gap1), P008215(gap2)
0.0287	2	1	M103	𛹸	24	M297	𜅸	203	P008138(gap2), P008168(gap1)
0.0287	2	1	M112	𛺣	24	M297	𜅸	203	P008162(gap3), P008162(gap1), P009256(gap1)
0.0286	3	1	M206	𛾾	60	M346	𜈽	183	P008661(gap2), P008689(gap1), P008689(gap3), P008689(gap1)
0.0286	2	1	M096	𛹜	44	M367	𜊊	111	P008276(gap2), P008662(gap1)
0.0286	2	1	M006-cluster	[M006-cluster]	86	M038	𛶡	57	P008085(gap2), P008464(gap1)
0.0286	2	1	M006-cluster	[M006-cluster]	86	M010	𛵜	57	P008122(gap1), P009198(gap1)
0.0285	4	1	M036	𛶎	95	M124	𛻃	207	P008234(gap3), P008234(gap2), P008239(gap3), P008246(gap2)
0.0284	2	2	M323	𜈆	18	M388	𜌓	275	P008999(gap2), P009192(gap3)
0.0284	2	2	M033	𛶈	18	M388	𜌓	275	P009240(gap2), P009321(gap2)
0.0283	2	1	M066	𛸗	79	M072	𛸧	63	P008566(gap3), P009160(gap1)
0.0282	2	1	M288	𜄱	458	M390	𜌕	11	P008393(gap1), P008544(gap2)
0.0282	2	1	M288	𜄱	458	M377+M320+M377	𜋁	11	P008624(gap1), P368507(gap2)
0.0281	4	1	M054	𛷪	182	M367	𜊊	111	P008284(gap1), P008322(gap3), P008902(gap2), P009030(gap1)
0.0281	2	1	M080	𛹆	14	M387	𜋾	362	P008192(gap2), P008457(gap1)
0.0281	2	2	M010	𛵜	57	M057	𛷶	89	P008234(gap2), P008430(gap2)
0.0280	3	1	M288	𜄱	458	M348	𜉈	25	P008035(gap1), P008035(gap1), P008659(gap3), P009207(gap3)
0.0280	3	1	M217	𛿯	25	M288	𜄱	458	P008041(gap2), P008437(gap3), P008437(gap1), P008437(gap1)
0.0280	2	1	M206	𛾾	60	M371	𜊩	85	P234794(gap3), P272825(gap1)
0.0279	3	1	M153	𛽆	42	M388	𜌓	275	P008229(gap3), P009238(gap1), P234794(gap1), P234794(gap3)
0.0279	3	1	M038	𛶡	57	M297	𜅸	203	P009192(gap1), P009205(gap1), P272827(gap1)
0.0278	4	1	M056	𛷱	57	M387	𜋾	362	P008016(gap1), P008216(gap1), P008761(gap1), P008806(gap1)
0.0277	2	1	M145	𛼙	32	M218	𛿺	163	P008081(gap3), P008338(gap1)
0.0276	4	1	M203	𛾳	58	M387	𜋾	362	P008126(gap1), P008193(gap3), P008759(gap1), P008759(gap1)
0.0276	2	1	M004	𛵅	37	M376	𜊽	142	P008445(gap1), P008490(gap3)
0.0276	3	1	M384	𜋨	43	M388	𜌓	275	P008164(gap1), P008954(gap1), P009152(gap1)
0.0275	2	3	M054	𛷪	182	M219	𜀈	29	P008179(gap3), P009130(gap3)
0.0275	2	2	M305	𜆡	123	M384	𜋨	43	P008694(gap2), P008955(gap2)
0.0275	3	2	M136+M365	𛻳	26	M288	𜄱	458	P008510(gap3), P008766(gap2), P008955(gap2)
0.0275	2	1	M131	𛻛	29	M346	𜈽	183	P008135(gap1), P272825(gap1)
0.0274	2	2	M157	𛽔	332	M380	𜋏	16	P008037(gap2), P008084(gap2)
0.0274	2	3	M157	𛽔	332	M318	𜇩	16	P008046(gap3), P009185(gap3)
0.0274	2	2	M157	𛽔	332	M242	𜀺	16	P008108(gap2), P009281(gap2)
0.0274	2	2	M157	𛽔	332	M223	𜀕	16	P008992(gap2), P009003(gap2)
0.0274	2	1	M365	𜊅	48	M367	𜊊	111	P008788(gap1), P009038(gap2)
0.0274	3	1	M124	𛻃	207	M203	𛾳	58	P008043(gap2), P008043(gap2), P008043(gap1), P008043(gap1)
0.0274	2	1	M057	𛷶	89	M206	𛾾	60	P009459(gap1), P234794(gap2)
0.0273	2	1	M072	𛸧	63	M371	𜊩	85	P008082(gap3), P009438(gap1)
0.0272	4	2	M157	𛽔	332	M269	𜃪	65	P008760(gap2), P008788(gap3), P008995(gap3), P009241(gap3)
0.0272	2	1	M048	𛷋	38	M376	𜊽	142	P008317(gap3), P008432(gap1)
0.0272	2	1	M096	𛹜	44	M305	𜆡	123	P009227(gap1), P009227(gap1), P368493(gap2)
0.0272	3	2	M206	𛾾	60	M297	𜅸	203	P008654(gap2), P008991(gap2), P498539(gap2)
0.0271	3	1	M006-cluster	[M006-cluster]	86	M376	𜊽	142	P008105(gap1), P008819(gap1), P008970(gap1)
0.0271	3	1	M009	𛵓	139	M136	𛻰	88	P008106(gap1), P008910(gap3), P368604(gap1)
0.0271	3	1	M004	𛵅	37	M157	𛽔	332	P008069(gap1), P008734(gap1), P008987(gap3)
0.0270	2	1	M288	𜄱	458	M324	𜈌	12	P009046(gap2), P009186(gap1), P009186(gap2)
0.0270	3	1	M001	𛴺	89	M009	𛵓	139	P008106(gap1), P008901(gap3), P008901(gap2), P008901(gap3)
0.0270	2	1	M147	𛼫	20	M388	𜌓	275	P008243(gap2), P008906(gap1)
0.0269	2	1	M036	𛶎	95	M203	𛾳	58	P008751(gap3), P008919(gap3), P008919(gap1), P008919(gap1)
0.0269	2	2	M260	𜂧	45	M305	𜆡	123	P008139(gap3), P009367(gap2)
0.0269	2	1	M002	𛴾	34	M218	𛿺	163	P008313(gap3), P008313(gap1), P008456(gap2)
0.0268	2	1	M327	𜈙	50	M367	𜊊	111	P008739(gap1), P009030(gap2)
0.0268	2	1	M006-cluster	[M006-cluster]	86	M269	𜃪	65	P008359(gap1), P008689(gap1)
0.0267	2	1	M153	𛽆	42	M263	𜃁	134	P008579(gap1), P234794(gap3)
0.0266	6	1	M288	𜄱	458	M367	𜊊	111	P008346(gap2), P008346(gap3), P008490(gap2), P008544(gap1)
0.0265	2	1	M325	𜈒	40	M376	𜊽	142	P008119(gap1), P008119(gap3), P009018(gap1), P009018(gap3)
0.0265	2	1	M046	𛷇	28	M297	𜅸	203	P008043(gap1), P008105(gap1)
0.0265	2	1	M146	𛼢	28	M297	𜅸	203	P009156(gap1), P009280(gap3)
0.0264	2	1	M059	𛸅	70	M354	𜉠	82	P008259(gap1), P008259(gap1), P008259(gap3), P008619(gap1)
0.0263	2	1	M263	𜃁	134	M384	𜋨	43	P008626(gap2), P009204(gap1)
0.0263	2	1	M057	𛷶	89	M269	𜃪	65	P008463(gap1), P008858(gap2)
0.0263	2	1	M328	𜈧	16	M387	𜋾	362	P008275(gap3), P272825(gap2), P272825(gap1), P272825(gap2)
0.0263	2	2	M318	𜇩	16	M387	𜋾	362	P008461(gap2), P009383(gap3)
0.0263	2	2	M223	𜀕	16	M387	𜋾	362	P008992(gap3), P009067(gap2)
0.0262	2	1	M009	𛵓	139	M153	𛽆	42	P008728(gap1), P008751(gap2), P008751(gap1)
0.0261	3	1	M373	𜊲	48	M388	𜌓	275	P008105(gap2), P008490(gap2), P008490(gap1), P008490(gap2)
0.0261	2	1	M131	𛻛	29	M297	𜅸	203	P008345(gap1), P008345(gap3), P008403(gap3), P008403(gap1)
0.0260	2	1	M149	𛼰	44	M263	𜃁	134	P008119(gap1), P008980(gap1)
0.0260	3	1	M157	𛽔	332	M243	𜁃	40	P008150(gap2), P008177(gap1), P009239(gap2)
0.0260	2	2	M305	𜆡	123	M373	𜊲	48	P008785(gap3), P008894(gap2)
0.0259	2	1	M180	𛾑	13	M288	𜄱	458	P008035(gap3), P008860(gap1), P008860(gap2)
0.0259	2	1	M288	𜄱	458	M302	𜆌	13	P008054(gap1), P008490(gap3), P008490(gap2)
0.0259	2	2	M157	𛽔	332	M295	𜅘	18	P008085(gap3), P009015(gap2)
0.0258	2	1	M124	𛻃	207	M247	𜁞	29	P008149(gap1), P008188(gap1)
0.0256	3	1	M262	𜂼	38	M387	𜋾	362	P008170(gap3), P008430(gap3), P008708(gap1)
0.0255	4	1	M263	𜃁	134	M346	𜈽	183	P008004(gap2), P008007(gap2), P008007(gap1), P008430(gap3)
0.0255	2	1	M305	𜆡	123	M327	𜈙	50	P008748(gap1), P008917(gap1)
0.0254	2	2	M054	𛷪	182	M292	𜅊	34	P008621(gap3), P368483(gap2)
0.0254	2	2	M218	𛿺	163	M262	𜂼	38	P008110(gap2), P008141(gap2)
0.0254	2	1	M346	𜈽	183	M391	𜌗	34	P008974(gap1), P009089(gap1), P009089(gap3)
0.0253	2	1	M001	𛴺	89	M059	𛸅	70	P009027(gap1), P009538(gap1)
0.0253	3	1	M006-cluster	[M006-cluster]	86	M218	𛿺	163	P008085(gap1), P008214(gap3), P008960(gap1)
0.0253	2	2	M009	𛵓	139	M210	𛿙	45	P008825(gap2), P009130(gap2)
0.0252	2	1	M254	𜂔	31	M297	𜅸	203	P008423(gap3), P009296(gap1)
0.0252	2	2	M157	𛽔	332	M314	𜇏	19	P008122(gap3), P009199(gap2)
0.0250	3	1	M136	𛻰	88	M218	𛿺	163	P009077(gap1), P272825(gap2), P368601(gap2)
0.0250	2	1	M080	𛹆	14	M288	𜄱	458	P008136(gap3), P008193(gap1)
0.0250	2	1	M050	𛷙	14	M288	𜄱	458	P008350(gap1), P008649(gap1), P008649(gap2)
0.0250	2	2	M288	𜄱	458	M417	𜌢	14	P008807(gap2), P008808(gap3)
0.0250	3	1	M066	𛸗	79	M346	𜈽	183	P008445(gap1), P008516(gap1), P009089(gap1), P009089(gap2)
0.0249	2	1	M263	𜃁	134	M373	𜊲	48	P008980(gap2), P008980(gap1), P009160(gap3)
0.0249	4	1	M054	𛷪	182	M376	𜊽	142	P008105(gap2), P008105(gap2), P008105(gap1), P008105(gap2)
0.0248	3	2	M096	𛹜	44	M157	𛽔	332	P008415(gap2), P008444(gap2), P009227(gap2)
0.0248	3	1	M145	𛼙	32	M288	𜄱	458	P008081(gap2), P008678(gap1), P008736(gap2)
0.0248	2	1	M351+N14	𜉎	18	M387	𜋾	362	P008307(gap3), P008307(gap2), P272825(gap3), P272825(gap1)
0.0248	5	1	M001	𛴺	89	M288	𜄱	458	P008185(gap1), P008185(gap3), P008185(gap3), P008185(gap1)
0.0246	2	1	M112	𛺣	24	M388	𜌓	275	P008162(gap1), P008310(gap2)
0.0246	2	2	M317	𜇟	24	M388	𜌓	275	P009201(gap2), P272825(gap3)
0.0245	2	1	M147	𛼫	20	M157	𛽔	332	P008493(gap1), P008717(gap1)
0.0245	3	1	M157	𛽔	332	M260	𜂧	45	P008060(gap3), P008986(gap1), P009487(gap2)
0.0245	2	1	M102	𛹬	41	M218	𛿺	163	P008005(gap1), P008144(gap3)
0.0244	6	1	M054	𛷪	182	M157	𛽔	332	P008029(gap2), P008847(gap3), P008847(gap2), P009007(gap1)
0.0242	2	1	M153	𛽆	42	M218	𛿺	163	P008229(gap1), P008431(gap2)
0.0242	3	2	M009	𛵓	139	M367	𜊊	111	P008283(gap2), P008283(gap3), P008283(gap2), P008641(gap2)
0.0241	2	1	M105	𛹾	25	M388	𜌓	275	P272825(gap1), P272825(gap1), P368586(gap1)
0.0241	2	1	M314	𜇏	19	M387	𜋾	362	P008085(gap1), P234794(gap2), P234794(gap1)
0.0241	2	1	M296	𜅴	19	M387	𜋾	362	P008178(gap1), P008178(gap1), P009174(gap3)
0.0240	2	1	M048	𛷋	38	M054	𛷪	182	P008221(gap1), P008221(gap1), P008432(gap3)
0.0240	3	1	M002	𛴾	34	M288	𜄱	458	P008297(gap2), P008484(gap3), P009279(gap1)
0.0240	2	1	M262	𜂼	38	M346	𜈽	183	P008123(gap1), P008123(gap1), P008123(gap3), P008160(gap2)
0.0238	2	1	M002	𛴾	34	M124	𛻃	207	P008416(gap1), P008416(gap2), P008419(gap3)
0.0238	3	1	M203	𛾳	58	M388	𜌓	275	P008477(gap1), P008490(gap2), P008709(gap2)
0.0237	2	2	M327	𜈙	50	M376	𜊽	142	P008171(gap2), P008748(gap2)
0.0237	2	1	M075	𛸳	35	M297	𜅸	203	P008021(gap1), P008021(gap2), P008851(gap3), P008851(gap1)
0.0237	2	1	M265	𜃓	26	M388	𜌓	275	P008257(gap1), P008934(gap1)
0.0237	2	1	M136+M365	𛻳	26	M388	𜌓	275	P008765(gap1), P009466(gap3), P009466(gap2), P009466(gap2)
0.0236	3	1	M136	𛻰	88	M346	𜈽	183	P008106(gap1), P008536(gap2), P008670(gap1)
0.0236	3	1	M054	𛷪	182	M057	𛷶	89	P008105(gap3), P008105(gap3), P008643(gap1), P008906(gap1)
0.0235	2	1	M205	𛾸	20	M387	𜋾	362	P008023(gap2), P008790(gap1)
0.0234	2	1	M054	𛷪	182	M352	𜉕	40	P008439(gap1), P008903(gap1)
0.0234	2	2	M054	𛷪	182	M243	𜁃	40	P009030(gap3), P009030(gap2), P009130(gap2)
0.0234	2	1	M223	𜀕	16	M288	𜄱	458	P008146(gap3), P008146(gap1), P008146(gap1), P368594(gap1)
0.0234	2	1	M288	𜄱	458	M328	𜈧	16	P008275(gap1), P008275(gap3), P009350(gap3)
0.0234	2	1	M288	𜄱	458	M380	𜋏	16	P009179(gap1), P009183(gap3)
0.0231	2	2	M036	𛶎	95	M066	𛸗	79	P008138(gap3), P008431(gap2)
0.0231	2	1	M009	𛵓	139	M377	𜋀	54	P008216(gap1), P009028(gap2), P009028(gap1)
0.0229	2	2	M139	𛼌	21	M387	𜋾	362	P008708(gap2), P009330(gap2)
0.0229	2	1	M125	𛻇	21	M387	𜋾	362	P009442(gap3), P009465(gap1)
0.0229	4	1	M367	𜊊	111	M388	𜌓	275	P008318(gap3), P008318(gap1), P008318(gap2), P008346(gap3)
0.0229	2	1	M157	𛽔	332	M320	𜇶	23	P008010(gap2), P009276(gap1)
0.0229	2	1	M157	𛽔	332	M386	𜋸	23	P009194(gap2), P272828(gap1)
0.0229	2	1	M038	𛶡	57	M263	𜃁	134	P008151(gap2), P008151(gap1), P008151(gap1), P008980(gap2)
0.0229	2	1	M054	𛷪	182	M309	𜆽	42	P008582(gap1), P008882(gap3)
0.0229	2	1	M054	𛷪	182	M153	𛽆	42	P008638(gap2), P008638(gap1), P008638(gap2), P008638(gap3)
0.0228	2	1	M048	𛷋	38	M297	𜅸	203	P008433(gap2), P009041(gap3), P009041(gap1), P009041(gap3)
0.0228	3	2	M373	𜊲	48	M387	𜋾	362	P008310(gap3), P008490(gap2), P008894(gap2)
0.0227	3	1	M305	𜆡	123	M376	𜊽	142	P008445(gap1), P008702(gap3), P008702(gap1), P008748(gap1)
0.0227	4	1	M006-cluster	[M006-cluster]	86	M387	𜋾	362	P008085(gap3), P008384(gap2), P009077(gap1), P009077(gap2)
0.0227	2	1	M288	𜄱	458	M374	𜊴	17	P008072(gap1), P009046(gap1)
0.0227	2	3	M099	𛹧	17	M288	𜄱	458	P008444(gap3), P009089(gap3)
0.0227	2	1	M039	𛶭	17	M288	𜄱	458	P008621(gap3), P009360(gap1)
0.0226	2	1	M111	𛺑	48	M218	𛿺	163	P368480(gap3), P368548(gap1)
0.0225	2	1	M346	𜈽	183	M384	𜋨	43	P008389(gap2), P235686(gap1), P235686(gap2), P235686(gap3)
0.0224	2	3	M327+M342	𜈟	22	M387	𜋾	362	P008290(gap3), P009251(gap3)
0.0224	2	2	M157	𛽔	332	M347	𜉇	24	P008037(gap3), P009329(gap2)
0.0224	2	2	M195	𛾢	29	M388	𜌓	275	P008631(gap2), P272826(gap2)
0.0223	3	1	M057	𛷶	89	M297	𜅸	203	P008430(gap1), P009156(gap2), P368511(gap1)
0.0223	2	1	M206	𛾾	60	M263	𜃁	134	P008239(gap2), P008689(gap2), P008689(gap1)
0.0223	3	1	M218	𛿺	163	M367	𜊊	111	P008346(gap1), P008346(gap1), P009383(gap1), P009383(gap2)
0.0223	2	1	M009	𛵓	139	M203	𛾳	58	P008751(gap2), P368479(gap3), P368479(gap1)
0.0222	2	1	M297	𜅸	203	M325	𜈒	40	P008292(gap1), P009296(gap3)
0.0222	2	1	M297	𜅸	203	M352	𜉕	40	P008584(gap1), P008654(gap1)
0.0222	3	1	M243	𜁃	40	M288	𜄱	458	P008075(gap1), P008355(gap2), P008355(gap1), P009486(gap2)
0.0222	2	1	M218	𛿺	163	M327	𜈙	50	P008541(gap2), P008621(gap1)
0.0220	2	1	M288	𜄱	458	M379	𜋊	18	P008267(gap1), P008417(gap2)
0.0220	2	1	M124	𛻃	207	M352	𜉕	40	P008043(gap3), P008060(gap1)
0.0220	2	1	M157	𛽔	332	M217	𛿯	25	P008612(gap2), P009249(gap1)
0.0219	2	3	M102	𛹬	41	M297	𜅸	203	P008005(gap3), P272827(gap3)
0.0219	2	1	M036	𛶎	95	M136	𛻰	88	P008139(gap1), P008293(gap3), P008293(gap1)
0.0218	2	1	M072	𛸧	63	M263	𜃁	134	P009129(gap1), P009160(gap1)
0.0217	2	1	M206	𛾾	60	M376	𜊽	142	P008317(gap1), P008317(gap2), P008494(gap1)
0.0217	2	2	M153	𛽆	42	M297	𜅸	203	P008003(gap3), P008376(gap2)
0.0216	3	1	M153	𛽆	42	M288	𜄱	458	P008579(gap1), P008865(gap1), P009238(gap2)
0.0216	3	3	M059	𛸅	70	M388	𜌓	275	P008765(gap3), P009152(gap3), P368514(gap3)
0.0215	2	1	M136+M365	𛻳	26	M157	𛽔	332	P008803(gap1), P008955(gap2)
0.0215	2	2	M103	𛹸	24	M387	𜋾	362	P008274(gap3), P008515(gap2)
0.0214	2	1	M124	𛻃	207	M153	𛽆	42	P008343(gap1), P009383(gap2), P009383(gap2)
0.0214	2	1	M297	𜅸	203	M384	𜋨	43	P008616(gap1), P008616(gap3), P009204(gap2)
0.0213	2	1	M346	𜈽	183	M365	𜊅	48	P008439(gap1), P008439(gap1), P008439(gap3), P008785(gap1)
0.0213	2	1	M036+N30D	𛶔	48	M346	𜈽	183	P009037(gap2), P009037(gap2), P009037(gap2), P009037(gap3)
0.0212	2	1	M124	𛻃	207	M384	𜋨	43	P008666(gap2), P008759(gap1), P008759(gap2), P008759(gap3)
0.0211	2	1	M072	𛸧	63	M376	𜊽	142	P008105(gap1), P009318(gap1)
0.0211	2	1	M051	𛷣	27	M157	𛽔	332	P008156(gap3), P009239(gap1)
0.0210	2	1	M217	𛿯	25	M387	𜋾	362	P008369(gap3), P008457(gap1)
0.0210	2	2	M096	𛹜	44	M124	𛻃	207	P008296(gap2), P009383(gap3)
0.0209	2	1	M210	𛿙	45	M297	𜅸	203	P008899(gap1), P008996(gap3)
0.0209	2	1	M147	𛼫	20	M288	𜄱	458	P008260(gap1), P008260(gap2), P009343(gap2)
0.0208	4	1	M297	𜅸	203	M346	𜈽	183	P008405(gap3), P008430(gap3), P008709(gap3), P008709(gap1)
0.0207	2	1	M002	𛴾	34	M388	𜌓	275	P008296(gap2), P008296(gap1), P008484(gap2)
0.0204	2	1	M001	𛴺	89	M370	𜊛	108	P008742(gap3), P008906(gap1)
0.0204	2	1	M157	𛽔	332	M219	𜀈	29	P008094(gap3), P008987(gap1)
0.0204	3	2	M206	𛾾	60	M387	𜋾	362	P008438(gap3), P008939(gap3), P008991(gap2), P008991(gap3)
0.0203	2	1	M066	𛸗	79	M305	𜆡	123	P008024(gap2), P008371(gap1)
0.0203	3	1	M297	𜅸	203	M370	𜊛	108	P008104(gap1), P008104(gap1), P008609(gap1), P009183(gap3)
0.0202	3	1	M288	𜄱	458	M365	𜊅	48	P008377(gap1), P009388(gap1), P009460(gap1)
0.0201	2	1	M057	𛷶	89	M367	𜊊	111	P008446(gap1), P008904(gap1)
0.0201	2	2	M124	𛻃	207	M304	𜆛	48	P008355(gap2), P008827(gap2)
0.0201	3	1	M054	𛷪	182	M305	𜆡	123	P008638(gap3), P008894(gap1), P009538(gap3)
0.0200	2	2	M157	𛽔	332	M175	𛽹	30	P009004(gap2), P009006(gap2)
0.0200	4	2	M367	𜊊	111	M387	𜋾	362	P008790(gap3), P008904(gap2), P008904(gap2), P008968(gap3)
0.0199	2	1	M029	𛵷	22	M288	𜄱	458	P368481(gap1), P368483(gap2)
0.0199	2	1	M305	𜆡	123	M354	𜉠	82	P008694(gap3), P008694(gap1), P009129(gap1), P009129(gap2)
0.0199	2	2	M383	𜋜	28	M387	𜋾	362	P009067(gap2), P009153(gap2)
0.0198	2	1	M032	𛶃	56	M054	𛷪	182	P009160(gap1), P009318(gap1)
0.0197	2	1	M036	𛶎	95	M370	𜊛	108	P008331(gap2), P008751(gap1)
0.0197	2	1	M081	𛹌	31	M157	𛽔	332	P008293(gap3), P009241(gap1)
0.0197	2	3	M157	𛽔	332	M254	𜂔	31	P009281(gap3), P009296(gap3)
0.0197	2	2	M124	𛻃	207	M327	𜈙	50	P008351(gap2), P008351(gap3), P008759(gap3), P008759(gap2)
0.0196	2	1	M010	𛵜	57	M054	𛷪	182	P008621(gap2), P009087(gap1)
0.0196	2	1	M305	𜆡	123	M371	𜊩	85	P008004(gap2), P008004(gap1), P368478(gap2)
0.0195	2	1	M219	𜀈	29	M387	𜋾	362	P008085(gap1), P009514(gap1)
0.0195	2	1	M131	𛻛	29	M387	𜋾	362	P008790(gap2), P009014(gap1)
0.0195	4	1	M124	𛻃	207	M297	𜅸	203	P008005(gap1), P008105(gap2), P008105(gap2), P008292(gap1)
0.0195	2	1	M288	𜄱	458	M320	𜇶	23	P008105(gap1), P008105(gap1), P008448(gap1)
0.0193	3	1	M136	𛻰	88	M388	𜌓	275	P008537(gap1), P009317(gap2), P368601(gap1)
0.0192	4	1	M036	𛶎	95	M288	𜄱	458	P008270(gap1), P008307(gap3), P008431(gap3), P008751(gap1)
0.0191	2	1	M057	𛷶	89	M305	𜆡	123	P009242(gap1), P368485(gap1), P368485(gap2), P368485(gap3)
0.0191	2	1	M263	𜃁	134	M354	𜉠	82	P008690(gap2), P008690(gap1), P008690(gap3), P009129(gap3)
0.0191	2	2	M240	𜀰	24	M288	𜄱	458	P008490(gap2), P008490(gap2), P008635(gap3)
0.0191	3	1	M288	𜄱	458	M377	𜋀	54	P008635(gap1), P008635(gap2), P009183(gap1), P009186(gap2)
0.0191	2	1	M243	𜁃	40	M388	𜌓	275	P008234(gap3), P008234(gap1), P009032(gap3)
0.0189	2	1	M066	𛸗	79	M376	𜊽	142	P008432(gap1), P009343(gap3), P009343(gap1), P009343(gap1)
0.0188	2	2	M002	𛴾	34	M157	𛽔	332	P008183(gap3), P008691(gap2)
0.0187	2	1	M009	𛵓	139	M354	𜉠	82	P008825(gap1), P008825(gap1), P008825(gap3), P009060(gap1)
0.0186	2	1	M072	𛸧	63	M346	𜈽	183	P008735(gap2), P008902(gap1)
0.0186	2	1	M032	𛶃	56	M124	𛻃	207	P008278(gap3), P008490(gap3), P008490(gap1), P008490(gap1)
0.0186	3	1	M036	𛶎	95	M388	𜌓	275	P008234(gap3), P008307(gap1), P009001(gap2)
0.0186	2	2	M024	𛵮	35	M157	𛽔	332	P008006(gap2), P008089(gap2)
0.0186	2	1	M075	𛸳	35	M157	𛽔	332	P008356(gap1), P008759(gap2)
0.0184	2	1	M203	𛾳	58	M297	𜅸	203	P008043(gap3), P008709(gap1), P008709(gap3)
0.0184	2	1	M038	𛶡	57	M124	𛻃	207	P008207(gap1), P008677(gap1)
0.0184	2	1	M010	𛵜	57	M124	𛻃	207	P008298(gap2), P008298(gap1), P008416(gap2)
0.0184	2	1	M054	𛷪	182	M269	𜃪	65	P008233(gap1), P008233(gap2), P008439(gap3)
0.0183	2	2	M006-cluster	[M006-cluster]	86	M009	𛵓	139	P008106(gap3), P008960(gap2)
0.0181	3	1	M206	𛾾	60	M288	𜄱	458	P008353(gap1), P008510(gap1), P009208(gap1)
0.0180	2	2	M292	𜅊	34	M387	𜋾	362	P008788(gap2), P009014(gap2), P009014(gap3)
0.0180	2	2	M210	𛿙	45	M388	𜌓	275	P272825(gap2), P368478(gap2)
0.0179	2	1	M124	𛻃	207	M206	𛾾	60	P008239(gap3), P008416(gap1)
0.0179	2	1	M136	𛻰	88	M376	𜊽	142	P008173(gap1), P008537(gap2)
0.0178	2	1	M001	𛴺	89	M376	𜊽	142	P008119(gap1), P008119(gap1), P009018(gap3), P009018(gap1)
0.0177	2	1	M059	𛸅	70	M346	𜈽	183	P008615(gap1), P008689(gap3), P008689(gap1), P008689(gap1)
0.0177	2	1	M146	𛼢	28	M288	𜄱	458	P008635(gap1), P009290(gap3), P009290(gap1)
0.0174	2	1	M269	𜃪	65	M297	𜅸	203	P008156(gap2), P008550(gap2), P008550(gap1)
0.0174	2	1	M111	𛺑	48	M388	𜌓	275	P008162(gap1), P009031(gap1)
0.0174	2	1	M365	𜊅	48	M388	𜌓	275	P008243(gap3), P008758(gap1)
0.0174	3	1	M269	𜃪	65	M288	𜄱	458	P008092(gap1), P009151(gap2), P368484(gap1)
0.0174	2	1	M195	𛾢	29	M288	𜄱	458	P008260(gap2), P008260(gap3), P008733(gap1)
0.0174	2	2	M305	𜆡	123	M370	𜊛	108	P008318(gap2), P008770(gap2), P008770(gap2)
0.0171	2	2	M305	𜆡	123	M367	𜊊	111	P008902(gap2), P272825(gap3), P272825(gap2)
0.0168	2	1	M122	𛺹	31	M288	𜄱	458	P008033(gap1), P008340(gap1)
0.0168	2	1	M254	𜂔	31	M288	𜄱	458	P008544(gap1), P009257(gap3)
0.0166	2	3	M263	𜃁	134	M370	𜊛	108	P008419(gap3), P008490(gap3)
0.0164	2	1	M157	𛽔	332	M210	𛿙	45	P008759(gap3), P009320(gap1)
0.0163	2	1	M288	𜄱	458	M362	𜉮	33	P008905(gap2), P008905(gap1), P009078(gap1)
0.0162	4	1	M157	𛽔	332	M346	𜈽	183	P008076(gap3), P008145(gap3), P008689(gap2), P009128(gap1)
0.0160	2	1	M346	𜈽	183	M371	𜊩	85	P008007(gap1), P008007(gap1), P009089(gap2), P009089(gap1)
0.0158	2	1	M157	𛽔	332	M365	𜊅	48	P008954(gap1), P009376(gap2)
0.0158	2	2	M075	𛸳	35	M288	𜄱	458	P008035(gap2), P008194(gap3)
0.0157	2	1	M260	𜂧	45	M387	𜋾	362	P008274(gap1), P008274(gap3), P009000(gap2), P009000(gap1)
0.0157	2	3	M210	𛿙	45	M387	𜋾	362	P008899(gap3), P009153(gap3), P009153(gap3)
0.0156	2	2	M206	𛾾	60	M388	𜌓	275	P008689(gap2), P008689(gap2), P008689(gap2), P009411(gap2)
0.0152	2	1	M297	𜅸	203	M371	𜊩	85	P009028(gap2), P009028(gap1), P009028(gap3), P009467(gap2)
0.0151	2	1	M003	𛵁	53	M157	𛽔	332	P008183(gap2), P008931(gap1)
0.0150	2	1	M136	𛻰	88	M297	𜅸	203	P008851(gap2), P008851(gap2), P272827(gap1)
0.0148	2	1	M124	𛻃	207	M136	𛻰	88	P008343(gap1), P008759(gap2), P008759(gap3), P008759(gap3)
0.0145	2	2	M263	𜃁	134	M376	𜊽	142	P008119(gap2), P008490(gap3)
0.0139	2	1	M210	𛿙	45	M288	𜄱	458	P008848(gap1), P008848(gap2), P008849(gap1)
0.0138	2	1	M072	𛸧	63	M157	𛽔	332	P008985(gap2), P008985(gap1), P008985(gap2), P009185(gap1)
0.0138	4	1	M288	𜄱	458	M346	𜈽	183	P008454(gap1), P008454(gap1), P008464(gap1), P008905(gap1)
0.0135	2	1	M036+N30D	𛶔	48	M288	𜄱	458	P008267(gap2), P008275(gap1), P008275(gap1), P008275(gap3)
0.0135	2	1	M111	𛺑	48	M288	𜄱	458	P008635(gap2), P008635(gap1), P008755(gap1)
0.0133	2	1	M354	𜉠	82	M388	𜌓	275	P008168(gap1), P008168(gap3), P008825(gap3), P008825(gap1)
0.0103	2	1	M288	𜄱	458	M354	𜉠	82	P009151(gap1), P009151(gap3), P009209(gap3)
0.0088	2	2	M376	𜊽	142	M387	𜋾	362	P008445(gap2), P009297(gap2)
